StudentID,Last Name,First Name,Email,Project group,Discipline,Coord/Shaper,Gender,ESL
40000010,Christiansen,Libbie,s4000001@student.uq.edu.au,P01,,,Male,English
40000020,Lueilwitz,Earnestine,s4000002@student.uq.edu.au,P01,Electrical,0,Male,English
40000030,Thompson,Brown,s4000003@student.uq.edu.au,P01,,,Male,English
40000040,Kirlin,Junius,s4000004@student.uq.edu.au,P01,Software,0,Male,English
40000050,Howell,Alvah,s4000005@student.uq.edu.au,P01,,,,Other
40000060,Konopelski,Brandyn,s4000006@student.uq.edu.au,P01,,,,Other
40000070,Heller,Christophe,s4000007@student.uq.edu.au,P01,Mechanical,1,Male,English
40000080,Runolfsson,Eugenia,s4000008@student.uq.edu.au,P01,Mechanical,0,Female,English
40000090,Lindgren,Deanna,s4000009@student.uq.edu.au,P01,Software,0,Male,English
40000100,Jewess,Corbin,s4000010@student.uq.edu.au,P01,Electrical,0,Male,English
40000110,Kutch,Jessica,s4000011@student.uq.edu.au,P01,Mechanical,1,Male,English
40000120,Reinger,Sofia,s4000012@student.uq.edu.au,P01,Software,0,Male,English
40000130,Tremblay,Otha,s4000013@student.uq.edu.au,P01,,,,Other
40000140,Lakin,Vita,s4000014@student.uq.edu.au,P01,Mechanical,0,Male,English
40000150,Fay,Ryley,s4000015@student.uq.edu.au,P01,Mechanical,0,Male,English
40000160,Nienow,Janelle,s4000016@student.uq.edu.au,P01,,,Female,English
40000170,Sipes,Francesco,s4000017@student.uq.edu.au,P01,Electrical,1,Female,Other
40000180,Hermann,Garry,s4000018@student.uq.edu.au,P01,Electrical,0,Male,Other
40000190,Paucek,Ethel,s4000019@student.uq.edu.au,P01,,,Female,Other
40000200,Zemlak,Trevion,s4000020@student.uq.edu.au,P01,Mechatronic,0,Male,Other
40000210,Abernathy,Hugh,s4000021@student.uq.edu.au,P01,Electrical,1,Male,English
40000220,Abernathy,Warren,s4000022@student.uq.edu.au,P01,Electrical,0,Male,English
40000230,Kerluke,Chester,s4000023@student.uq.edu.au,P01,Mechatronic,0,Male,English
40000240,McLaughlin,Jordi,s4000024@student.uq.edu.au,P01,Mechatronic,0,Male,English
40000250,Zboncak,Aliya,s4000025@student.uq.edu.au,P01,Electrical,1,Male,English
40000260,Schamberger,Cali,s4000026@student.uq.edu.au,P01,Mechatronic,1,Male,English
40000270,Davis,Tracy,s4000027@student.uq.edu.au,P01,Mechanical,0,Male,English
40000280,Brakus,Marta,s4000028@student.uq.edu.au,P01,Mechanical,0,Male,English
40000290,Pfeffer,Pauline,s4000029@student.uq.edu.au,P01,Electrical,0,Male,English
40000300,Doyle,Bill,s4000030@student.uq.edu.au,P01,Electrical,0,Male,English
40000310,Runolfsdottir,Carmine,s4000031@student.uq.edu.au,P01,Mechanical,0,Male,English
40000320,Marquardt,Madilyn,s4000032@student.uq.edu.au,P01,Electrical,1,Female,English
40000330,Breitenberg,Guiseppe,s4000033@student.uq.edu.au,P01,Mechatronic,0,Male,English
40000340,Bartell,Katrine,s4000034@student.uq.edu.au,P01,Mechanical,0,Male,English
40000350,Abernathy,Kristin,s4000035@student.uq.edu.au,P01,Software,0,Male,English
40000360,Crist,Mitchel,s4000036@student.uq.edu.au,P01,Electrical,0,Female,English
40000370,Lang,Paxton,s4000037@student.uq.edu.au,P01,Software,1,Male,English
40000380,Welch,Eusebio,s4000038@student.uq.edu.au,P01,Mechatronic,1,Male,English
40000390,Pfeffer,Darrin,s4000039@student.uq.edu.au,P01,Mechanical,0,Male,Other
40000400,Rolfson,Ava,s4000040@student.uq.edu.au,P01,Mechatronic,0,Male,English
40000410,Daugherty,Kara,s4000041@student.uq.edu.au,P01,Mechanical,0,Male,English
40000420,McClure,Vernon,s4000042@student.uq.edu.au,P01,Mechatronic,1,Male,English
40000430,Goldner,Nick,s4000043@student.uq.edu.au,P01,Electrical,0,Male,English
40000440,Mante,Winnifred,s4000044@student.uq.edu.au,P01,Software,0,Male,English
40000450,Fahey,Warren,s4000045@student.uq.edu.au,P01,Mechanical,0,Male,English
40000460,Pfannerstill,Jammie,s4000046@student.uq.edu.au,P01,Software,0,Male,English
40000470,Grimes,Burdette,s4000047@student.uq.edu.au,P01,Software,0,Male,English
40000480,Gerlach,Name,s4000048@student.uq.edu.au,P01,,,Male,English
40000490,Turner,Johathan,s4000049@student.uq.edu.au,P01,Mechatronic,0,Female,English
40000500,Ebert,Nicholaus,s4000050@student.uq.edu.au,P01,Mechatronic,1,Male,English
40000510,Balistreri,Durward,s4000051@student.uq.edu.au,P01,Mechatronic,0,Male,English
40000520,Romaguera,Serena,s4000052@student.uq.edu.au,P01,Software,0,Male,English
40000530,Romaguera,Aurelio,s4000053@student.uq.edu.au,P01,BLANK,0,Male,English
40000540,Marvin,Burdette,s4000054@student.uq.edu.au,P01,Mechanical,0,Male,English
40000550,Schulist,Myra,s4000055@student.uq.edu.au,P01,,,Male,English
40000560,Pagac,Milan,s4000056@student.uq.edu.au,P01,Mechatronic,0,Female,English
40000570,Mayer,Elna,s4000057@student.uq.edu.au,P01,Mechanical,0,Female,English
40000580,Ratke,Lorine,s4000058@student.uq.edu.au,P01,Mechatronic,0,Male,English
40000590,Schuster,Claudine,s4000059@student.uq.edu.au,P01,Mechatronic,0,Female,English
40000600,Rowe,Marcelo,s4000060@student.uq.edu.au,P01,Mechatronic,0,Female,English
40000610,Hamill,Makenna,s4000061@student.uq.edu.au,P01,Electrical,0,Male,English
40000620,Brown,Greg,s4000062@student.uq.edu.au,P01,Mechanical,0,Male,English
40000630,Wyman,Krystina,s4000063@student.uq.edu.au,P01,Software,0,Male,English
40000640,Kuhic,Tiara,s4000064@student.uq.edu.au,P01,Electrical,0,Male,English
40000650,Erdman,Uriah,s4000065@student.uq.edu.au,P01,Software,0,Male,English
40000660,Smitham,Phoebe,s4000066@student.uq.edu.au,P01,Mechanical,0,Male,English
40000670,Kiehn,Larue,s4000067@student.uq.edu.au,P01,Software,0,Female,English
40000680,Ullrich,Baylee,s4000068@student.uq.edu.au,P01,Mechatronic,0,Male,English
40000690,Luettgen,Ted,s4000069@student.uq.edu.au,P01,Mechanical,1,Male,English
40000700,Upton,Estevan,s4000070@student.uq.edu.au,P01,Software,0,Male,English
40000710,Lind,Peter,s4000071@student.uq.edu.au,P01,Software,0,Male,English
40000720,Schultz,Pete,s4000072@student.uq.edu.au,P01,Mechatronic,1,Male,English
40000730,Windler,Ashton,s4000073@student.uq.edu.au,P01,Electrical,0,Male,English
40000740,Thiel,Osbaldo,s4000074@student.uq.edu.au,P01,Mechanical,0,Male,English
40000750,Mueller,Elinore,s4000075@student.uq.edu.au,P01,Software,0,Male,English
40000760,Pollich,Destany,s4000076@student.uq.edu.au,P01,Electrical,0,Male,English
40000770,Gusikowski,Antonette,s4000077@student.uq.edu.au,P01,Mechanical,1,Male,English
40000780,Howe,Cooper,s4000078@student.uq.edu.au,P01,Mechanical,0,Male,English
40000790,Stark,Reyna,s4000079@student.uq.edu.au,P01,Mechanical,0,Male,English
40000800,Graham,Bernita,s4000080@student.uq.edu.au,P01,Software,0,Male,English
40000810,Little,Lucile,s4000081@student.uq.edu.au,P01,Electrical,0,Male,English
40000820,Jerde,Isaac,s4000082@student.uq.edu.au,P01,Mechatronic,0,Male,English
40000830,Fisher,Maryjane,s4000083@student.uq.edu.au,P01,Electrical,0,Male,English
40000840,Schowalter,Reid,s4000084@student.uq.edu.au,P01,Mechanical,0,Female,Other
40000850,Rosenbaum,Tomas,s4000085@student.uq.edu.au,P01,Mechatronic,0,Male,English
40000860,Carroll,Shania,s4000086@student.uq.edu.au,P01,Software,0,Male,English
40000870,Waters,Fermin,s4000087@student.uq.edu.au,P01,,1,Male,English
40000880,Hintz,Lonny,s4000088@student.uq.edu.au,P01,Mechanical,0,Male,English
40000890,Gorczany,Reina,s4000089@student.uq.edu.au,P01,Software,1,Male,English
40000900,Upton,Cindy,s4000090@student.uq.edu.au,P01,Mechatronic,0,Male,English
40000910,Osinski,Stacey,s4000091@student.uq.edu.au,P01,Electrical,1,Male,English
40000920,Auer,Pansy,s4000092@student.uq.edu.au,P01,Electrical,0,Male,English
40000930,Brakus,Harold,s4000093@student.uq.edu.au,P01,Mechanical,0,Male,English
40000940,Morar,Isac,s4000094@student.uq.edu.au,P01,Mechanical,1,Male,English
40000950,Walter,Hudson,s4000095@student.uq.edu.au,P01,Mechanical,0,Male,English
40000960,Gerhold,Dashawn,s4000096@student.uq.edu.au,P01,Mechanical,0,Male,English
40000970,Hane,Genevieve,s4000097@student.uq.edu.au,P02,Mechanical,0,Male,English
40000980,Mohr,Cydney,s4000098@student.uq.edu.au,P02,Mechanical,0,Female,Other
40000990,Prohaska,Estell,s4000099@student.uq.edu.au,P02,Mechanical,0,Female,English
40001000,Auer,June,s4000100@student.uq.edu.au,P02,,,Male,English
40001010,Hammes,Alexis,s4000101@student.uq.edu.au,P02,Electrical,1,Male,English
40001020,Welch,Demetrius,s4000102@student.uq.edu.au,P02,,,Male,English
40001030,Hermann,Leta,s4000103@student.uq.edu.au,P02,Mechanical,1,Male,Other
40001040,Grant,Gerald,s4000104@student.uq.edu.au,P02,,,Male,English
40001050,Glover,Ramon,s4000105@student.uq.edu.au,P02,Software,0,Female,Other
40001060,Kemmer,General,s4000106@student.uq.edu.au,P02,Electrical,0,Female,English
40001070,Hudson,Ignatius,s4000107@student.uq.edu.au,P02,Mechatronic,0,Male,English
40001080,Rath,Ross,s4000108@student.uq.edu.au,P02,Mechanical,0,Male,English
40001090,Lakin,Cristina,s4000109@student.uq.edu.au,P02,Mechanical,0,Male,Other
40001100,Zemlak,Leanne,s4000110@student.uq.edu.au,P02,Software,0,Male,English
40001110,Schinner,Leonora,s4000111@student.uq.edu.au,P02,Mechanical,0,Male,English
40001120,Schiller,Penelope,s4000112@student.uq.edu.au,P02,Software,0,Male,English
40001130,Windler,Stephania,s4000113@student.uq.edu.au,P02,Mechatronic,0,Male,English
40001140,Quigley,Sharon,s4000114@student.uq.edu.au,P02,Electrical,1,Male,English
40001150,Ruecker,Jairo,s4000115@student.uq.edu.au,P02,Software,0,Male,Other
40001160,Krajcik,Wilmer,s4000116@student.uq.edu.au,P02,BLANK,1,Male,English
40001170,Wolff,Leland,s4000117@student.uq.edu.au,P02,Mechanical,0,Male,English
40001180,West,Idella,s4000118@student.uq.edu.au,P02,Electrical,0,Male,Other
40001190,Kovacek,Mack,s4000119@student.uq.edu.au,P02,,,,Other
40001200,Lang,Brycen,s4000120@student.uq.edu.au,P02,Electrical,0,Male,Other
40001210,Morar,Jean,s4000121@student.uq.edu.au,P02,Mechanical,1,Female,English
40001220,Stokes,Roxanne,s4000122@student.uq.edu.au,P02,Electrical,1,Male,English
40001230,Hoeger,Darius,s4000123@student.uq.edu.au,P02,Software,0,Male,English
40001240,Monahan,Pansy,s4000124@student.uq.edu.au,P02,Mechatronic,1,Male,English
40001250,Dare,Ashley,s4000125@student.uq.edu.au,P02,Mechanical,1,Female,English
40001260,Ledner,Halle,s4000126@student.uq.edu.au,P02,Mechanical,0,Male,English
40001270,Hickle,Phoebe,s4000127@student.uq.edu.au,P02,Mechanical,0,Male,English
40001280,Padberg,Werner,s4000128@student.uq.edu.au,P02,Mechanical,0,Male,Other
40001290,Hyatt,Alf,s4000129@student.uq.edu.au,P02,Software,0,Male,English
40001300,Daugherty,Sadie,s4000130@student.uq.edu.au,P02,Mechatronic,1,Male,English
40001310,Ryan,Rachel,s4000131@student.uq.edu.au,P02,Mechanical,0,Male,English
40001320,Dietrich,Queen,s4000132@student.uq.edu.au,P02,Mechanical,0,Male,Other
40001330,Kris,Vernice,s4000133@student.uq.edu.au,P02,Electrical,0,Male,English
40001340,Carter,Marta,s4000134@student.uq.edu.au,P02,Electrical,1,Female,Other
40001350,Boyer,Maia,s4000135@student.uq.edu.au,P02,Mechatronic,1,Male,English
40001360,Miller,Chelsea,s4000136@student.uq.edu.au,P02,Electrical,0,Male,Other
40001370,Schaden,Ludie,s4000137@student.uq.edu.au,P02,Mechatronic,1,Male,English
40001380,Sanford,Missouri,s4000138@student.uq.edu.au,P02,Mechanical,0,Male,English
40001390,Cronin,Nikita,s4000139@student.uq.edu.au,P02,Electrical,0,Female,English
40001400,Nitzsche,Cornelius,s4000140@student.uq.edu.au,P02,Electrical,0,Male,English
40001410,Kozey,Carmen,s4000141@student.uq.edu.au,P02,MULT,0,Female,English
40001420,Doyle,Murl,s4000142@student.uq.edu.au,P02,Mechanical,0,Male,English
40001430,Heller,Randal,s4000143@student.uq.edu.au,P02,Mechanical,0,Male,English
40001440,Fahey,Jennyfer,s4000144@student.uq.edu.au,P02,Electrical,0,Male,English
40001450,Sanford,Tanya,s4000145@student.uq.edu.au,P02,Electrical,0,Female,English
40001460,Lehner,Velva,s4000146@student.uq.edu.au,P02,Electrical,1,Male,English
40001470,Kris,Otto,s4000147@student.uq.edu.au,P02,Electrical,0,Female,English
40001480,Wehner,Bernardo,s4000148@student.uq.edu.au,P02,Mechanical,0,Male,English
40001490,Schumm,Jeff,s4000149@student.uq.edu.au,P02,Mechanical,0,Female,English
40001500,Okuneva,Kenneth,s4000150@student.uq.edu.au,P02,Mechanical,0,Male,English
40001510,Jenkins,Mose,s4000151@student.uq.edu.au,P02,Software,0,Male,English
40001520,Gorczany,Kade,s4000152@student.uq.edu.au,P02,Mechanical,0,Male,English
40001530,Nikolaus,Marques,s4000153@student.uq.edu.au,P02,Software,0,Male,Other
40001540,Muller,Randi,s4000154@student.uq.edu.au,P02,Mechanical,1,Female,Other
40001550,Ruecker,Adolph,s4000155@student.uq.edu.au,P02,,,Male,Other
40001560,Hamill,Jamil,s4000156@student.uq.edu.au,P02,Electrical,0,Male,English
40001570,Schamberger,Sedrick,s4000157@student.uq.edu.au,P02,Electrical,0,Male,English
40001580,Lesch,Shyann,s4000158@student.uq.edu.au,P02,Mechanical,0,Male,English
40001590,Grimes,Vance,s4000159@student.uq.edu.au,P02,Electrical,0,Female,English
40001600,Gerhold,Ford,s4000160@student.uq.edu.au,P02,Software,0,Male,English
40001610,Mills,Keegan,s4000161@student.uq.edu.au,P02,Mechanical,1,Male,English
40001620,Ullrich,Everette,s4000162@student.uq.edu.au,P02,Mechanical,0,Male,English
40001630,Turner,Eino,s4000163@student.uq.edu.au,P02,Mechanical,1,Male,English
40001640,Turcotte,Keon,s4000164@student.uq.edu.au,P02,Mechatronic,0,Male,English
40001650,Bahringer,Jameson,s4000165@student.uq.edu.au,P02,Software,0,Male,English
40001660,Mueller,Mireya,s4000166@student.uq.edu.au,P02,Mechanical,0,Male,English
40001670,O'Kon,Jannie,s4000167@student.uq.edu.au,P02,Mechanical,0,Male,English
40001680,Hermiston,Jessie,s4000168@student.uq.edu.au,P02,Software,0,Male,English
40001690,Ledner,Hollis,s4000169@student.uq.edu.au,P02,Mechanical,0,Female,English
40001700,Flatley,Mable,s4000170@student.uq.edu.au,P02,Mechanical,0,Male,Other
40001710,Miller,Pamela,s4000171@student.uq.edu.au,P02,Mechanical,0,Male,English
40001720,Blick,Consuelo,s4000172@student.uq.edu.au,P02,Electrical,0,Male,English
40001730,Herzog,Lexi,s4000173@student.uq.edu.au,P02,Mechanical,1,Male,English
40001740,Lakin,Chadrick,s4000174@student.uq.edu.au,P02,Software,0,Male,English
40001750,Hand,Hailey,s4000175@student.uq.edu.au,P02,Mechanical,0,Female,English
40001760,Yundt,Emanuel,s4000176@student.uq.edu.au,P02,Mechatronic,0,Male,English
40001770,Schuppe,Adele,s4000177@student.uq.edu.au,P02,Software,0,Male,English
40001780,Funk,Yadira,s4000178@student.uq.edu.au,P02,Mechanical,0,Male,English
40001790,Sauer,Alycia,s4000179@student.uq.edu.au,P02,Mechanical,0,Male,English
40001800,Herzog,Gabe,s4000180@student.uq.edu.au,P02,Electrical,1,Male,English
40001810,Runolfsson,Maud,s4000181@student.uq.edu.au,P02,,0,Male,English
40001820,Hilpert,Kari,s4000182@student.uq.edu.au,P02,Mechatronic,1,Male,English
40001830,Haag,Jannie,s4000183@student.uq.edu.au,P02,Mechatronic,0,Male,English
40001840,Hermann,Claud,s4000184@student.uq.edu.au,P02,Electrical,0,Female,English
40001850,Doyle,Clovis,s4000185@student.uq.edu.au,P02,Mechanical,0,Male,English
40001860,Kautzer,Theodora,s4000186@student.uq.edu.au,P02,Mechanical,0,Male,English
40001870,Kreiger,Deon,s4000187@student.uq.edu.au,P02,Mechanical,0,Male,English
40001880,Koepp,Jamal,s4000188@student.uq.edu.au,P02,Mechanical,1,Male,English
40001890,Schumm,Edmond,s4000189@student.uq.edu.au,P02,Mechanical,0,Male,English
40001900,Welch,Clementina,s4000190@student.uq.edu.au,P02,Software,1,Male,English
40001910,Morissette,Katelin,s4000191@student.uq.edu.au,P02,Software,1,Female,English
40001920,Bahringer,Chanelle,s4000192@student.uq.edu.au,P02,,0,Male,English
40001930,Kshlerin,Davon,s4000193@student.uq.edu.au,P03,Mechatronic,1,Male,English
40001940,Frami,Joyce,s4000194@student.uq.edu.au,P03,Electrical,0,Female,English
40001950,Waelchi,Evert,s4000195@student.uq.edu.au,P03,Electrical,1,Male,English
40001960,Kiehn,Edna,s4000196@student.uq.edu.au,P03,Electrical,0,Female,Other
40001970,Moore,Kenton,s4000197@student.uq.edu.au,P03,Electrical,0,Male,English
40001980,Abbott,Joanie,s4000198@student.uq.edu.au,P03,Software,0,Male,English
40001990,Larkin,Blake,s4000199@student.uq.edu.au,P03,Mechanical,1,Male,English
40002000,Bode,Silas,s4000200@student.uq.edu.au,P03,Mechatronic,0,Male,English
40002010,Medhurst,Michaela,s4000201@student.uq.edu.au,P03,Software,0,Male,English
40002020,Rath,Dillon,s4000202@student.uq.edu.au,P03,,,,Other
40002030,Goodwin,Wyatt,s4000203@student.uq.edu.au,P03,Mechanical,0,Male,English
40002040,Stokes,Giovanny,s4000204@student.uq.edu.au,P03,,,,Other
40002050,Will,Melba,s4000205@student.uq.edu.au,P03,Electrical,0,Male,English
40002060,Boehm,Christina,s4000206@student.uq.edu.au,P03,Electrical,0,Male,English
40002070,Hayes,Georgette,s4000207@student.uq.edu.au,P03,,1,Male,English
40002080,Barton,Jovany,s4000208@student.uq.edu.au,P03,Electrical,0,Male,English
40002090,Harber,Makayla,s4000209@student.uq.edu.au,P03,Software,1,Male,English
40002100,Considine,Katherine,s4000210@student.uq.edu.au,P03,Electrical,0,Male,English
40002110,McClure,Marisol,s4000211@student.uq.edu.au,P03,Mechanical,0,Male,English
40002120,Kassulke,Alanna,s4000212@student.uq.edu.au,P03,Electrical,0,Male,English
40002130,Hermann,Brown,s4000213@student.uq.edu.au,P03,Electrical,1,Male,English
40002140,Hagenes,Rhianna,s4000214@student.uq.edu.au,P03,Electrical,0,Male,English
40002150,Lynch,Dortha,s4000215@student.uq.edu.au,P03,Electrical,1,Male,English
40002160,Johnson,Rosamond,s4000216@student.uq.edu.au,P03,Mechanical,1,Male,English
40002170,Prosacco,Reinhold,s4000217@student.uq.edu.au,P03,Software,1,Male,English
40002180,Zieme,Daphne,s4000218@student.uq.edu.au,P03,Mechanical,0,Male,English
40002190,Weissnat,Tracey,s4000219@student.uq.edu.au,P03,,,Male,English
40002200,Volkman,Roderick,s4000220@student.uq.edu.au,P03,Mechanical,1,Male,Other
40002210,Schuster,Dedric,s4000221@student.uq.edu.au,P03,,0,Male,Other
40002220,Sauer,Betty,s4000222@student.uq.edu.au,P03,,1,Male,Other
40002230,Friesen,Heaven,s4000223@student.uq.edu.au,P03,Software,0,Female,Other
40002240,Kshlerin,Presley,s4000224@student.uq.edu.au,P03,Mechatronic,0,,Other
40002250,VonRueden,Kari,s4000225@student.uq.edu.au,P03,Electrical,1,Female,English
40002260,White,Patricia,s4000226@student.uq.edu.au,P03,Mechatronic,1,Male,Other
40002270,Hauck,Dahlia,s4000227@student.uq.edu.au,P03,Electrical,0,Male,English
40002280,Parisian,Raymundo,s4000228@student.uq.edu.au,P03,Electrical,0,Male,English
40002290,Leannon,Joan,s4000229@student.uq.edu.au,P03,Software,0,Male,English
40002300,Torphy,Kathryne,s4000230@student.uq.edu.au,P03,Mechanical,0,Male,English
40002310,Corwin,Soledad,s4000231@student.uq.edu.au,P03,Electrical,0,Male,English
40002320,Stokes,Zul,s4000232@student.uq.edu.au,P03,Electrical,1,Male,English
40002330,Haag,Sherwood,s4000233@student.uq.edu.au,P03,Mechanical,0,Female,English
40002340,Torphy,Tara,s4000234@student.uq.edu.au,P03,Electrical,0,Female,Other
40002350,Christiansen,Kiley,s4000235@student.uq.edu.au,P03,Software,1,Female,English
40002360,Jacobs,Alivia,s4000236@student.uq.edu.au,P03,Electrical,0,Female,English
40002370,Heaney,Elroy,s4000237@student.uq.edu.au,P03,Mechanical,0,Male,English
40002380,Bogisich,Roberta,s4000238@student.uq.edu.au,P03,Mechatronic,0,Male,English
40002390,Kunze,Iva,s4000239@student.uq.edu.au,P03,Electrical,0,Male,English
40002400,Beahan,Dusty,s4000240@student.uq.edu.au,P03,Electrical,1,Male,English
40002410,Hodkiewicz,Kenneth,s4000241@student.uq.edu.au,P03,Mechanical,0,Male,English
40002420,Runte,Aryanna,s4000242@student.uq.edu.au,P03,Software,0,Male,English
40002430,Mills,Savanna,s4000243@student.uq.edu.au,P03,Electrical,1,Male,Other
40002440,Swaniawski,Geo,s4000244@student.uq.edu.au,P03,Software,0,Male,Other
40002450,Prohaska,Dejuan,s4000245@student.uq.edu.au,P03,Mechanical,0,Female,English
40002460,Kuhn,Ellie,s4000246@student.uq.edu.au,P03,Electrical,0,Male,English
40002470,Maggio,Marisol,s4000247@student.uq.edu.au,P03,Electrical,0,Male,English
40002480,Feest,Horacio,s4000248@student.uq.edu.au,P03,Mechanical,0,Male,English
40002490,Frami,Theodore,s4000249@student.uq.edu.au,P03,Electrical,0,Male,Other
40002500,Connelly,Branson,s4000250@student.uq.edu.au,P03,Mechanical,0,Male,English
40002510,Hansen,Syble,s4000251@student.uq.edu.au,P03,Mechanical,0,Male,English
40002520,Haley,Justus,s4000252@student.uq.edu.au,P03,,,Male,English
40002530,Feil,Molly,s4000253@student.uq.edu.au,P03,Mechanical,0,Female,English
40002540,Roberts,Lorenzo,s4000254@student.uq.edu.au,P03,Software,0,Male,English
40002550,Simonis,Lurline,s4000255@student.uq.edu.au,P03,Electrical,0,Female,Other
40002560,Wolff,Nya,s4000256@student.uq.edu.au,P03,Mechatronic,0,Male,English
40002570,Streich,Ara,s4000257@student.uq.edu.au,P03,,,Female,Other
40002580,Weimann,Gabriel,s4000258@student.uq.edu.au,P03,Mechanical,0,Male,English
40002590,Hickle,Hellen,s4000259@student.uq.edu.au,P03,Electrical,0,Male,English
40002600,Nitzsche,Abner,s4000260@student.uq.edu.au,P03,Mechanical,0,Female,Other
40002610,Wehner,Max,s4000261@student.uq.edu.au,P03,Electrical,0,Male,English
40002620,Anderson,Audreanne,s4000262@student.uq.edu.au,P03,Software,1,Male,English
40002630,King,Valentine,s4000263@student.uq.edu.au,P03,Software,1,Female,English
40002640,Prohaska,William,s4000264@student.uq.edu.au,P03,Electrical,0,Female,English
40002650,Berge,Josiah,s4000265@student.uq.edu.au,P03,Mechanical,0,Male,English
40002660,Bednar,Nikita,s4000266@student.uq.edu.au,P03,Mechatronic,0,Female,English
40002670,Pollich,Breana,s4000267@student.uq.edu.au,P03,Electrical,1,Male,English
40002680,Kuphal,Thaddeus,s4000268@student.uq.edu.au,P03,Mechanical,0,Male,English
40002690,Murphy,Alexanne,s4000269@student.uq.edu.au,P03,Mechatronic,0,Male,English
40002700,Heaney,Justine,s4000270@student.uq.edu.au,P03,Software,0,Male,English
40002710,Bode,Ollie,s4000271@student.uq.edu.au,P03,Software,0,Male,English
40002720,McClure,Keaton,s4000272@student.uq.edu.au,P03,Mechanical,0,Male,English
40002730,Botsford,Brennon,s4000273@student.uq.edu.au,P03,Electrical,1,Male,English
40002740,Deckow,Rashad,s4000274@student.uq.edu.au,P03,Electrical,0,Male,Other
40002750,Homenick,Laurianne,s4000275@student.uq.edu.au,P03,Electrical,0,Male,English
40002760,Lowe,Sandra,s4000276@student.uq.edu.au,P03,Mechanical,1,Male,English
40002770,Bogisich,Tyson,s4000277@student.uq.edu.au,P03,Electrical,0,Male,English
40002780,Gerhold,Dameon,s4000278@student.uq.edu.au,P03,Electrical,0,Male,English
40002790,Fritsch,Kara,s4000279@student.uq.edu.au,P03,Software,0,Male,English
40002800,Haley,Cathrine,s4000280@student.uq.edu.au,P03,Mechanical,0,Male,English
40002810,Price,Eliane,s4000281@student.uq.edu.au,P03,Software,0,Male,English
40002820,Stroman,Rosetta,s4000282@student.uq.edu.au,P03,Electrical,0,Male,English
40002830,McClure,Trevion,s4000283@student.uq.edu.au,P03,Mechanical,0,Male,English
40002840,Cormier,Caroline,s4000284@student.uq.edu.au,P03,Mechanical,0,Female,English
40002850,Moore,Clementine,s4000285@student.uq.edu.au,P03,Electrical,0,Male,English
40002860,Gleichner,Mariana,s4000286@student.uq.edu.au,P03,Software,0,Male,English
40002870,O'Keefe,Jadon,s4000287@student.uq.edu.au,P03,Electrical,1,Male,English
40002880,Mayert,Nella,s4000288@student.uq.edu.au,P04,Electrical,,Female,English
40002890,Schmitt,Davon,s4000289@student.uq.edu.au,P04,Electrical,1,Female,Other
40002900,Beatty,Mercedes,s4000290@student.uq.edu.au,P04,Software,1,Female,English
40002910,Stokes,Ethan,s4000291@student.uq.edu.au,P04,Mechanical,0,Female,English
40002920,Stanton,Minnie,s4000292@student.uq.edu.au,P04,Mechanical,1,Male,Other
40002930,Abbott,Elmore,s4000293@student.uq.edu.au,P04,Mechatronic,0,Female,English
40002940,Pfeffer,Kailee,s4000294@student.uq.edu.au,P04,Mechatronic,0,Female,English
40002950,Kub,Candida,s4000295@student.uq.edu.au,P04,Mechanical,0,Male,English
40002960,Rempel,Jarrell,s4000296@student.uq.edu.au,P04,Mechatronic,0,Male,English
40002970,Crist,Finn,s4000297@student.uq.edu.au,P04,Electrical,1,Male,English
40002980,Kub,Wyman,s4000298@student.uq.edu.au,P04,Electrical,0,Male,English
40002990,McDermott,Orin,s4000299@student.uq.edu.au,P04,Mechatronic,0,Male,Other
40003000,Crona,Omari,s4000300@student.uq.edu.au,P04,,,Male,English
40003010,Towne,Ed,s4000301@student.uq.edu.au,P04,Electrical,0,Male,English
40003020,Haag,Lexi,s4000302@student.uq.edu.au,P04,,,Male,Other
40003030,Halvorson,Keaton,s4000303@student.uq.edu.au,P04,,0,Female,English
40003040,Gerhold,Yazmin,s4000304@student.uq.edu.au,P04,Mechanical,1,Male,English
40003050,King,Cathryn,s4000305@student.uq.edu.au,P04,Software,0,Male,English
40003060,Nitzsche,Dandre,s4000306@student.uq.edu.au,P04,Mechanical,0,Female,English
40003070,Hermiston,Giovanny,s4000307@student.uq.edu.au,P04,Mechatronic,0,Male,English
40003080,DuBuque,Burdette,s4000308@student.uq.edu.au,P04,Electrical,0,Male,English
40003090,Lowe,Noel,s4000309@student.uq.edu.au,P04,Electrical,0,Male,English
40003100,Jerde,Andreanne,s4000310@student.uq.edu.au,P04,,,,Other
40003110,Friesen,Anjali,s4000311@student.uq.edu.au,P04,,,,Other
40003120,Flatley,Dovie,s4000312@student.uq.edu.au,P04,,,,Other
40003130,Schuster,Bettye,s4000313@student.uq.edu.au,P04,Electrical,0,Male,Other
40003140,Kunde,Vivian,s4000314@student.uq.edu.au,P04,Mechanical,0,Male,English
40003150,Wintheiser,Carmel,s4000315@student.uq.edu.au,P04,Electrical,0,Male,Other
40003160,Gutkowski,Kimberly,s4000316@student.uq.edu.au,P04,Mechanical,0,Female,English
40003170,Walter,Mekhi,s4000317@student.uq.edu.au,P04,Electrical,0,Male,English
40003180,Lakin,Ada,s4000318@student.uq.edu.au,P04,,0,Male,English
40003190,Prohaska,Vicenta,s4000319@student.uq.edu.au,P04,Mechatronic,0,Male,Other
40003200,King,Bernadine,s4000320@student.uq.edu.au,P04,Mechanical,1,Male,English
40003210,Gleason,Titus,s4000321@student.uq.edu.au,P04,Mechanical,0,Male,English
40003220,Fahey,Mandy,s4000322@student.uq.edu.au,P04,Electrical,0,Male,English
40003230,Conn,Raymond,s4000323@student.uq.edu.au,P04,Software,0,Male,English
40003240,Crist,Cullen,s4000324@student.uq.edu.au,P04,Electrical,0,Male,English
40003250,Mraz,Hector,s4000325@student.uq.edu.au,P04,Electrical,0,Male,Other
40003260,Pouros,Adalberto,s4000326@student.uq.edu.au,P04,,,Male,Other
40003270,Wuckert,Victoria,s4000327@student.uq.edu.au,P04,Mechatronic,0,Male,English
40003280,Waelchi,Kaitlin,s4000328@student.uq.edu.au,P04,Electrical,0,Male,English
40003290,Goodwin,Ellie,s4000329@student.uq.edu.au,P04,Electrical,0,Female,English
40003300,Wehner,Shaylee,s4000330@student.uq.edu.au,P04,Mechanical,0,Male,English
40003310,Ortiz,Thomas,s4000331@student.uq.edu.au,P04,Mechanical,0,Male,English
40003320,Weissnat,Daisy,s4000332@student.uq.edu.au,P04,Mechanical,1,Male,English
40003330,Koepp,Laverna,s4000333@student.uq.edu.au,P04,Software,0,Male,English
40003340,Rath,Esperanza,s4000334@student.uq.edu.au,P04,Mechanical,0,Male,English
40003350,Larson,Nichole,s4000335@student.uq.edu.au,P04,Mechanical,0,Female,English
40003360,Gerlach,Oran,s4000336@student.uq.edu.au,P04,Mechanical,0,Male,English
40003370,Stracke,Parker,s4000337@student.uq.edu.au,P04,Electrical,0,Male,English
40003380,Kertzmann,Tabitha,s4000338@student.uq.edu.au,P04,Mechanical,0,Male,English
40003390,Armstrong,Brody,s4000339@student.uq.edu.au,P04,Mechatronic,1,Male,English
40003400,Kautzer,Vesta,s4000340@student.uq.edu.au,P04,Electrical,0,Female,English
40003410,O'Conner,Albin,s4000341@student.uq.edu.au,P04,Mechanical,0,Male,Other
40003420,Howell,Rosalind,s4000342@student.uq.edu.au,P04,Mechatronic,0,Male,English
40003430,Bernhard,Alan,s4000343@student.uq.edu.au,P04,Mechanical,1,Male,English
40003440,Von,Irwin,s4000344@student.uq.edu.au,P04,Electrical,0,Female,English
40003450,Considine,Felipe,s4000345@student.uq.edu.au,P04,Mechatronic,0,Male,English
40003460,Borer,Izaiah,s4000346@student.uq.edu.au,P04,Electrical,0,Male,English
40003470,Wuckert,Ryleigh,s4000347@student.uq.edu.au,P04,Mechanical,0,Male,Other
40003480,Weimann,Arely,s4000348@student.uq.edu.au,P04,Mechanical,0,Male,English
40003490,Heathcote,Allison,s4000349@student.uq.edu.au,P04,Electrical,1,Male,English
40003500,Brakus,Madaline,s4000350@student.uq.edu.au,P04,Mechatronic,1,Male,English
40003510,Cartwright,Manuel,s4000351@student.uq.edu.au,P04,,,Male,English
40003520,Keeling,King,s4000352@student.uq.edu.au,P04,Electrical,1,Male,English
40003530,Kohler,Rubye,s4000353@student.uq.edu.au,P04,Mechanical,0,Male,English
40003540,Wiza,Ova,s4000354@student.uq.edu.au,P04,Mechanical,0,Male,English
40003550,Tillman,Eden,s4000355@student.uq.edu.au,P04,Mechanical,0,Male,English
40003560,Hand,Garnett,s4000356@student.uq.edu.au,P04,,0,Male,English
40003570,Legros,Anya,s4000357@student.uq.edu.au,P04,Mechanical,1,Male,English
40003580,Bayer,Grayce,s4000358@student.uq.edu.au,P04,Mechanical,0,Male,English
40003590,Rohan,Brooklyn,s4000359@student.uq.edu.au,P04,Mechanical,0,Male,English
40003600,Mohr,Dusty,s4000360@student.uq.edu.au,P04,Mechanical,0,Male,English
40003610,Rath,Wilburn,s4000361@student.uq.edu.au,P04,Mechanical,1,Female,English
40003620,Effertz,Emmanuel,s4000362@student.uq.edu.au,P04,Mechanical,0,Male,English
40003630,Herman,Briana,s4000363@student.uq.edu.au,P04,Mechatronic,0,Male,English
40003640,Tremblay,Baby,s4000364@student.uq.edu.au,P04,Electrical,1,Male,English
40003650,Stokes,Dixie,s4000365@student.uq.edu.au,P04,Mechanical,1,Male,Other
40003660,Schumm,Kaley,s4000366@student.uq.edu.au,P04,Mechanical,0,Male,English
40003670,Lowe,Florian,s4000367@student.uq.edu.au,P04,Electrical,1,Male,English
40003680,Pouros,Wyman,s4000368@student.uq.edu.au,P04,Software,0,Male,English
40003690,Larson,Easton,s4000369@student.uq.edu.au,P04,Mechatronic,0,Male,English
40003700,Predovic,Susan,s4000370@student.uq.edu.au,P04,Mechatronic,0,Male,English
40003710,Price,Seth,s4000371@student.uq.edu.au,P04,Electrical,0,Male,English
40003720,Fay,Kenyatta,s4000372@student.uq.edu.au,P04,Mechanical,1,Female,English
40003730,Koelpin,Deontae,s4000373@student.uq.edu.au,P04,Mechanical,0,Male,English
40003740,Douglas,Adelia,s4000374@student.uq.edu.au,P04,Mechanical,0,Female,English
40003750,Gusikowski,Giovanny,s4000375@student.uq.edu.au,P04,Mechanical,0,Male,English
40003760,Turner,Ken,s4000376@student.uq.edu.au,P04,Mechatronic,0,Male,English
40003770,Braun,Lorenz,s4000377@student.uq.edu.au,P04,Mechanical,0,Male,English
40003780,Kuhlman,Curt,s4000378@student.uq.edu.au,P04,Mechatronic,0,Male,English
40003790,Ondricka,Tabitha,s4000379@student.uq.edu.au,P04,Mechanical,0,Male,English
40003800,Gleason,Mollie,s4000380@student.uq.edu.au,P04,Mechanical,0,Male,English
40003810,Sanford,Alexanne,s4000381@student.uq.edu.au,P04,,,Male,English
40003820,Waelchi,Marisol,s4000382@student.uq.edu.au,P04,Mechatronic,1,Male,English
40003830,Jacobs,Thaddeus,s4000383@student.uq.edu.au,P05,,0,Male,English
40003840,Mraz,Isadore,s4000384@student.uq.edu.au,P05,,0,Female,English
40003850,Sporer,Hailey,s4000385@student.uq.edu.au,P05,,1,Male,English
40003860,Glover,Alanna,s4000386@student.uq.edu.au,P05,,0,Male,Other
40003870,Hudson,Tina,s4000387@student.uq.edu.au,P05,,1,Female,English
40003880,Schinner,Allison,s4000388@student.uq.edu.au,P05,,0,Male,English
40003890,Gottlieb,Okey,s4000389@student.uq.edu.au,P05,,0,Male,English
40003900,Barrows,Leslie,s4000390@student.uq.edu.au,P05,,0,Female,Other
40003910,Schumm,Opal,s4000391@student.uq.edu.au,P05,,,,Other
40003920,Bashirian,Earline,s4000392@student.uq.edu.au,P05,,1,Male,English
40003930,O'Kon,Judd,s4000393@student.uq.edu.au,P05,,0,Male,Other
40003940,Sawayn,Alexandra,s4000394@student.uq.edu.au,P05,,1,Male,English
40003950,Dach,Jaiden,s4000395@student.uq.edu.au,P05,,,Female,English
40003960,Wyman,Nickolas,s4000396@student.uq.edu.au,P05,,,,Other
40003970,Hayes,Dee,s4000397@student.uq.edu.au,P05,,,Female,English
40003980,Schoen,Brionna,s4000398@student.uq.edu.au,P05,,,,Other
40003990,Predovic,Jeramy,s4000399@student.uq.edu.au,P05,,1,Male,English
40004000,Tillman,Verla,s4000400@student.uq.edu.au,P05,,,,Other
40004010,Harªann,Maurice,s4000401@student.uq.edu.au,P05,,0,Female,English
40004020,Bernhard,Ansel,s4000402@student.uq.edu.au,P05,,0,Male,English
40004030,Beatty,Derek,s4000403@student.uq.edu.au,P05,,0,Female,Other
40004040,Jacobson,Kaia,s4000404@student.uq.edu.au,P05,,0,Male,Other
40004050,Jones,Alex,s4000405@student.uq.edu.au,P05,,0,Male,English
40004060,Pouros,Alize,s4000406@student.uq.edu.au,P05,,0,Female,Other
40004070,Emmerich,Kaylee,s4000407@student.uq.edu.au,P05,,0,Female,Other
40004080,Ortiz,Reymundo,s4000408@student.uq.edu.au,P05,,0,Male,Other
40004090,Bosco,Dameon,s4000409@student.uq.edu.au,P05,,0,Female,Other
40004100,Erdman,Cletus,s4000410@student.uq.edu.au,P05,,0,Male,Other
40004110,Considine,Moses,s4000411@student.uq.edu.au,P05,,0,Male,Other
40004120,Weimann,Amari,s4000412@student.uq.edu.au,P05,,1,Female,Other
40004130,Schiller,Stephania,s4000413@student.uq.edu.au,P05,,0,Male,Other
40004140,Hayes,Marina,s4000414@student.uq.edu.au,P05,,0,Male,Other
40004150,O'Conner,Annabell,s4000415@student.uq.edu.au,P05,,0,Male,Other
40004160,Kuhlman,Wilfrid,s4000416@student.uq.edu.au,P05,,0,Male,English
40004170,Bartell,Maryjane,s4000417@student.uq.edu.au,P05,,,Male,Other
40004180,Mosciski,Kevin,s4000418@student.uq.edu.au,P05,,0,Male,English
40004190,Erdman,Isac,s4000419@student.uq.edu.au,P05,,1,Female,Other
40004200,Brakus,Lamont,s4000420@student.uq.edu.au,P05,,0,Male,English
40004210,Yost,Bo,s4000421@student.uq.edu.au,P05,,1,Male,English
40004220,Jacobson,Alva,s4000422@student.uq.edu.au,P05,,0,Female,English
40004230,Olson,Eloise,s4000423@student.uq.edu.au,P05,,,,Other
40004240,Hammes,Gertrude,s4000424@student.uq.edu.au,P05,,0,Male,English
40004250,Kirlin,Verla,s4000425@student.uq.edu.au,P05,,0,Female,English
40004260,Waters,Reanna,s4000426@student.uq.edu.au,P05,,1,Male,English
40004270,Treutel,Deven,s4000427@student.uq.edu.au,P05,,1,Female,English
40004280,Muller,Alisha,s4000428@student.uq.edu.au,P05,,1,Male,English
40004290,O'Conner,Ardella,s4000429@student.uq.edu.au,P05,,0,Male,English
40004300,Ryan,Catalina,s4000430@student.uq.edu.au,P05,,1,Female,English
40004310,Monahan,Mark,s4000431@student.uq.edu.au,P05,,,Male,Other
40004320,Kemmer,Henri,s4000432@student.uq.edu.au,P05,,0,Female,Other
40004330,Gulgowski,Devante,s4000433@student.uq.edu.au,P05,,0,Male,Other
40004340,Cremin,Sheldon,s4000434@student.uq.edu.au,P05,,0,Male,English
40004350,Hermiston,Paula,s4000435@student.uq.edu.au,P05,,0,Female,English
40004360,Treutel,Shaniya,s4000436@student.uq.edu.au,P05,,0,Male,English
40004370,Lynch,Erik,s4000437@student.uq.edu.au,P05,,0,Female,English
40004380,Heller,Madilyn,s4000438@student.uq.edu.au,P05,,0,Male,Other
40004390,Marquardt,Estefania,s4000439@student.uq.edu.au,P05,,0,Male,English
40004400,Crooks,Joanny,s4000440@student.uq.edu.au,P05,,0,Male,English
40004410,Connelly,Merl,s4000441@student.uq.edu.au,P05,,0,Male,English
40004420,Connelly,Wilmer,s4000442@student.uq.edu.au,P05,,0,Male,English
40004430,Bogisich,Freeda,s4000443@student.uq.edu.au,P05,,0,Male,English
40004440,O'Hara,Presley,s4000444@student.uq.edu.au,P05,,1,Male,English
40004450,Hand,Jaydon,s4000445@student.uq.edu.au,P05,,0,Male,English
40004460,Ward,Jess,s4000446@student.uq.edu.au,P05,,0,Male,English
40004470,Ernser,Ari,s4000447@student.uq.edu.au,P05,,0,Female,English
40004480,Herman,Irwin,s4000448@student.uq.edu.au,P05,,0,Female,English
40004490,Dicki,Margie,s4000449@student.uq.edu.au,P05,,0,Male,English
40004500,Heidenreich,Kaden,s4000450@student.uq.edu.au,P05,,0,Male,English
40004510,Farrell,Jarred,s4000451@student.uq.edu.au,P05,,0,Female,Other
40004520,Wilderman,Maiya,s4000452@student.uq.edu.au,P05,,1,Male,English
40004530,Haag,Lois,s4000453@student.uq.edu.au,P05,,0,Male,English
40004540,Turcotte,Unique,s4000454@student.uq.edu.au,P05,,0,Male,English
40004550,Guªann,Catalina,s4000455@student.uq.edu.au,P05,,0,Female,English
40004560,Zboncak,Isabel,s4000456@student.uq.edu.au,P05,,0,Female,English
40004570,Dietrich,Brandyn,s4000457@student.uq.edu.au,P05,,0,Female,English
40004580,Leannon,Shaylee,s4000458@student.uq.edu.au,P05,,1,Male,English
40004590,Von,Amely,s4000459@student.uq.edu.au,P05,,0,Male,English
40004600,Treutel,Hattie,s4000460@student.uq.edu.au,P05,,1,Male,Other
40004610,Goodwin,Edgar,s4000461@student.uq.edu.au,P05,,0,Female,English
40004620,Prohaska,Ena,s4000462@student.uq.edu.au,P05,,1,Male,English
40004630,Parker,Jordon,s4000463@student.uq.edu.au,P05,,0,Female,English
40004640,Halvorson,Colton,s4000464@student.uq.edu.au,P05,,0,Male,English
40004650,Zemlak,Brenden,s4000465@student.uq.edu.au,P05,,1,Female,English
40004660,Simonis,Stone,s4000466@student.uq.edu.au,P05,,0,Female,English
40004670,Gusikowski,Daphney,s4000467@student.uq.edu.au,P05,,0,Male,English
40004680,Rodriguez,Demarco,s4000468@student.uq.edu.au,P05,,0,Female,English
40004690,Reynolds,Cody,s4000469@student.uq.edu.au,P05,,0,Female,English
40004700,Beer,Paula,s4000470@student.uq.edu.au,P05,,0,Female,Other
40004710,Jakubowski,Keshaun,s4000471@student.uq.edu.au,P05,,0,Female,Other
40004720,Kihn,Colby,s4000472@student.uq.edu.au,P05,,0,Male,English
40004730,Pouros,Rhea,s4000473@student.uq.edu.au,P05,,0,Female,English
40004740,Schumm,Amira,s4000474@student.uq.edu.au,P05,,0,Male,English
40004750,Kuhic,Khalid,s4000475@student.uq.edu.au,P05,,1,Male,English
40004760,McKenzie,Fredrick,s4000476@student.uq.edu.au,P05,,0,Male,Other
40004770,Collins,Jessyca,s4000477@student.uq.edu.au,P05,,0,Female,Other
40004780,Hackett,Emerald,s4000478@student.uq.edu.au,P05,,0,Female,Other
40004790,Kling,Olga,s4000479@student.uq.edu.au,P06,,0,Female,English
40004800,Toy,Elmore,s4000480@student.uq.edu.au,P06,,1,Female,Other
40004810,Walter,Donny,s4000481@student.uq.edu.au,P06,,0,Female,English
40004820,Nitzsche,Emile,s4000482@student.uq.edu.au,P06,,,Female,Other
40004830,Swift,Kristopher,s4000483@student.uq.edu.au,P06,,1,Female,English
40004840,Hoeger,Harley,s4000484@student.uq.edu.au,P06,,0,Male,English
40004850,Will,Bettye,s4000485@student.uq.edu.au,P06,,0,Male,English
40004860,Schowalter,Shea,s4000486@student.uq.edu.au,P06,,,Female,Other
40004870,Jerde,Janae,s4000487@student.uq.edu.au,P06,,,Male,Other
40004880,Lowe,Bernie,s4000488@student.uq.edu.au,P06,,0,Female,English
40004890,Boehm,Elvis,s4000489@student.uq.edu.au,P06,,0,Male,Other
40004900,Heidenreich,Lucas,s4000490@student.uq.edu.au,P06,,0,Female,English
40004910,Stokes,Cayla,s4000491@student.uq.edu.au,P06,,0,Female,English
40004920,Corkery,Cleo,s4000492@student.uq.edu.au,P06,,0,Male,English
40004930,Stehr,Reese,s4000493@student.uq.edu.au,P06,,0,Male,English
40004940,Satterfield,Marguerite,s4000494@student.uq.edu.au,P06,,0,Male,English
40004950,Nitzsche,Edwardo,s4000495@student.uq.edu.au,P06,,0,Female,English
40004960,Sporer,Verona,s4000496@student.uq.edu.au,P06,,1,Female,English
40004970,Williamson,Kathryne,s4000497@student.uq.edu.au,P06,,0,Female,English
40004980,Hettinger,Christina,s4000498@student.uq.edu.au,P06,,,,Other
40004990,Barrows,Tyree,s4000499@student.uq.edu.au,P06,,0,Male,English
40005000,Aufderhar,Glen,s4000500@student.uq.edu.au,P06,,1,Male,English
40005010,Hahn,Norbert,s4000501@student.uq.edu.au,P06,,0,Male,English
40005020,Hegmann,Timmy,s4000502@student.uq.edu.au,P06,,0,Female,English
40005030,Hansen,Rhianna,s4000503@student.uq.edu.au,P06,,0,Female,English
40005040,Ratke,Fletcher,s4000504@student.uq.edu.au,P06,,0,Male,English
40005050,Yost,Lonzo,s4000505@student.uq.edu.au,P06,,0,Female,English
40005060,Hilll,Allene,s4000506@student.uq.edu.au,P06,,0,Female,English
40005070,Gutkowski,Dana,s4000507@student.uq.edu.au,P06,,0,Female,Other
40005080,Brekke,Leon,s4000508@student.uq.edu.au,P06,,1,Female,Other
40005090,Price,Newton,s4000509@student.uq.edu.au,P06,,0,Female,English
40005100,Kautzer,Shakira,s4000510@student.uq.edu.au,P06,,,Female,English
40005110,Kunde,Ariane,s4000511@student.uq.edu.au,P06,,0,Female,English
40005120,Koelpin,Coby,s4000512@student.uq.edu.au,P06,,0,Female,English
40005130,Schmidt,D'angelo,s4000513@student.uq.edu.au,P06,,0,Female,English
40005140,Jewess,Makenzie,s4000514@student.uq.edu.au,P06,,0,Male,English
40005150,Howell,Carrie,s4000515@student.uq.edu.au,P06,,0,Male,English
40005160,Weimann,Esteban,s4000516@student.uq.edu.au,P06,,0,Male,English
40005170,Hyatt,Trinity,s4000517@student.uq.edu.au,P06,,1,Male,English
40005180,Terry,Ellis,s4000518@student.uq.edu.au,P06,,,Female,English
40005190,Schmitt,Princess,s4000519@student.uq.edu.au,P06,,0,Female,English
40005200,Hegmann,Kamron,s4000520@student.uq.edu.au,P06,,0,Male,English
40005210,Zemlak,Zola,s4000521@student.uq.edu.au,P06,,0,Male,English
40005220,Harber,Moshe,s4000522@student.uq.edu.au,P06,,1,Female,Other
40005230,Feest,Ethel,s4000523@student.uq.edu.au,P06,,0,Female,English
40005240,Wuckert,Scottie,s4000524@student.uq.edu.au,P06,,1,Male,English
40005250,Crooks,Asia,s4000525@student.uq.edu.au,P06,,1,Male,English
40005260,Lubowitz,Kasey,s4000526@student.uq.edu.au,P06,,0,Female,English
40005270,Emard,Bryana,s4000527@student.uq.edu.au,P06,,1,Male,English
40005280,Erdman,Alana,s4000528@student.uq.edu.au,P06,,1,Female,English
40005290,Mayer,Clemens,s4000529@student.uq.edu.au,P06,,0,Female,English
40005300,Veum,Nelda,s4000530@student.uq.edu.au,P06,,0,Female,English
40005310,D'Amore,Toney,s4000531@student.uq.edu.au,P06,,0,Male,English
40005320,Trantow,Ike,s4000532@student.uq.edu.au,P06,,0,Female,English
40005330,Flatley,Vallie,s4000533@student.uq.edu.au,P06,,0,Female,English
40005340,Hagenes,Stefanie,s4000534@student.uq.edu.au,P06,,0,Female,English
40005350,Romaguera,Colin,s4000535@student.uq.edu.au,P06,,0,Male,English
40005360,Bednar,Donato,s4000536@student.uq.edu.au,P06,,1,Male,English
40005370,Schinner,Abigale,s4000537@student.uq.edu.au,P06,,0,Male,English
40005380,Schumm,Aaron,s4000538@student.uq.edu.au,P06,,0,Male,English
40005390,Cummings,Laurel,s4000539@student.uq.edu.au,P06,,1,Female,English
40005400,Yundt,Maci,s4000540@student.uq.edu.au,P06,,1,Female,English
40005410,McClure,Haleigh,s4000541@student.uq.edu.au,P06,,1,Male,English
40005420,Mayert,Karine,s4000542@student.uq.edu.au,P06,,0,Male,English
40005430,Ward,Annabell,s4000543@student.uq.edu.au,P06,,0,Male,English
40005440,Huels,Tessie,s4000544@student.uq.edu.au,P06,,0,Male,English
40005450,Cruickshank,Caleigh,s4000545@student.uq.edu.au,P06,,0,Female,English
40005460,Klocko,Kattie,s4000546@student.uq.edu.au,P06,,1,Female,Other
40005470,Jacobi,Jamarcus,s4000547@student.uq.edu.au,P06,,0,Male,English
40005480,Daugherty,Cyril,s4000548@student.uq.edu.au,P06,,0,Female,English
40005490,Connelly,Dora,s4000549@student.uq.edu.au,P06,,0,Male,English
40005500,Langosh,Forest,s4000550@student.uq.edu.au,P06,,0,Female,English
40005510,Greenholt,Fritz,s4000551@student.uq.edu.au,P06,,0,Male,English
40005520,Mills,Skylar,s4000552@student.uq.edu.au,P06,,0,Female,English
40005530,Mueller,Nick,s4000553@student.uq.edu.au,P06,,0,Male,English
40005540,Dooley,Theresia,s4000554@student.uq.edu.au,P06,,0,Male,English
40005550,McClure,Fritz,s4000555@student.uq.edu.au,P06,,0,Male,English
40005560,Hayes,Jalyn,s4000556@student.uq.edu.au,P06,,0,Male,English
40005570,Grimes,Brendon,s4000557@student.uq.edu.au,P06,,0,Male,English
40005580,Wolff,Heidi,s4000558@student.uq.edu.au,P06,,0,Male,English
40005590,Rippin,Eleanora,s4000559@student.uq.edu.au,P06,,0,Female,English
40005600,Block,Mariela,s4000560@student.uq.edu.au,P06,,1,Male,English
40005610,Maggio,Agustin,s4000561@student.uq.edu.au,P06,,1,Female,English
40005620,Daugherty,Alvena,s4000562@student.uq.edu.au,P06,,0,Female,English
40005630,Schultz,Jalon,s4000563@student.uq.edu.au,P06,,0,Male,Other
40005640,Oberbrunner,Leann,s4000564@student.uq.edu.au,P06,,,,Other
40005650,Tremblay,Bernard,s4000565@student.uq.edu.au,P06,,,Male,English
40005660,Tromp,Jeffry,s4000566@student.uq.edu.au,P06,,0,Male,English
40005670,Pollich,Kory,s4000567@student.uq.edu.au,P06,,0,Male,English
40005680,Wuckert,Myriam,s4000568@student.uq.edu.au,P06,,1,Male,English
40005690,Considine,Elaina,s4000569@student.uq.edu.au,P06,,,Male,English
40005700,Glover,Vito,s4000570@student.uq.edu.au,P06,,0,Male,English
40005710,Labadie,Thelma,s4000571@student.uq.edu.au,P06,,1,Male,English
40005720,Rath,Dereck,s4000572@student.uq.edu.au,P06,,0,Male,English
40005730,Wunsch,Ashlynn,s4000573@student.uq.edu.au,P06,,1,Male,English
40005740,Gutkowski,Keely,s4000574@student.uq.edu.au,P06,,0,Male,English
40005750,Weber,Cristina,s4000575@student.uq.edu.au,P07,,,Male,English
40005760,Purdy,Warren,s4000576@student.uq.edu.au,P07,,0,Male,English
40005770,Torphy,Nestor,s4000577@student.uq.edu.au,P07,,1,Female,English
40005780,Bartell,Pansy,s4000578@student.uq.edu.au,P07,,0,Male,English
40005790,Morar,Damon,s4000579@student.uq.edu.au,P07,,0,Male,English
40005800,Buckridge,Veda,s4000580@student.uq.edu.au,P07,,,Male,English
40005810,McKenzie,Concepcion,s4000581@student.uq.edu.au,P07,,,Male,Other
40005820,Erdman,Willis,s4000582@student.uq.edu.au,P07,,,Male,Other
40005830,Nikolaus,Yvonne,s4000583@student.uq.edu.au,P07,,0,Male,Other
40005840,Oberbrunner,Manuel,s4000584@student.uq.edu.au,P07,,1,Female,English
40005850,Stracke,Alisa,s4000585@student.uq.edu.au,P07,,0,Male,English
40005860,Buckridge,Dave,s4000586@student.uq.edu.au,P07,,0,Female,English
40005870,Weimann,Emmett,s4000587@student.uq.edu.au,P07,,0,Male,English
40005880,Bogan,Felipe,s4000588@student.uq.edu.au,P07,,,Male,English
40005890,Kris,Angelica,s4000589@student.uq.edu.au,P07,,0,Female,English
40005900,Lind,Winifred,s4000590@student.uq.edu.au,P07,,,,Other
40005910,Kirlin,Micah,s4000591@student.uq.edu.au,P07,,0,Male,Other
40005920,Toy,Lauretta,s4000592@student.uq.edu.au,P07,,0,Female,Other
40005930,Hills,Brown,s4000593@student.uq.edu.au,P07,,,Female,Other
40005940,Stracke,Harmon,s4000594@student.uq.edu.au,P07,,0,Male,Other
40005950,Kris,Una,s4000595@student.uq.edu.au,P07,,1,Male,Other
40005960,Johnston,Brisa,s4000596@student.uq.edu.au,P07,,1,Female,English
40005970,Kutch,Nikita,s4000597@student.uq.edu.au,P07,,0,Female,Other
40005980,Boyer,Kristoffer,s4000598@student.uq.edu.au,P07,,1,,Other
40005990,Heller,Eino,s4000599@student.uq.edu.au,P07,,0,Male,Other
40006000,Wehner,Osbaldo,s4000600@student.uq.edu.au,P07,,0,Female,Other
40006010,Leannon,Izaiah,s4000601@student.uq.edu.au,P07,,0,Female,Other
40006020,White,Neal,s4000602@student.uq.edu.au,P07,,0,Female,Other
40006030,Prosacco,Marquise,s4000603@student.uq.edu.au,P07,,0,Female,English
40006040,Huels,Flo,s4000604@student.uq.edu.au,P07,,0,Female,Other
40006050,Wiza,Ted,s4000605@student.uq.edu.au,P07,,,,Other
40006060,Wilderman,Viviane,s4000606@student.uq.edu.au,P07,,,,Other
40006070,Jakubowski,Cristal,s4000607@student.uq.edu.au,P07,,0,Male,Other
40006080,Waelchi,Foster,s4000608@student.uq.edu.au,P07,,0,Female,Other
40006090,Leffler,Preston,s4000609@student.uq.edu.au,P07,,0,Male,Other
40006100,Braun,Laurie,s4000610@student.uq.edu.au,P07,,,,Other
40006110,Wolf,Jarvis,s4000611@student.uq.edu.au,P07,,0,Male,English
40006120,Kohler,Rylee,s4000612@student.uq.edu.au,P07,,1,Male,English
40006130,Hills,Dovie,s4000613@student.uq.edu.au,P07,,0,Female,English
40006140,VonRueden,Clyde,s4000614@student.uq.edu.au,P07,,0,Female,Other
40006150,Bauch,Lenora,s4000615@student.uq.edu.au,P07,,0,Male,English
40006160,Kilback,Granville,s4000616@student.uq.edu.au,P07,,0,Male,English
40006170,Nienow,Genevieve,s4000617@student.uq.edu.au,P07,,0,Male,English
40006180,Ziemann,Sedrick,s4000618@student.uq.edu.au,P07,,0,Male,English
40006190,Klein,Bernardo,s4000619@student.uq.edu.au,P07,,0,Male,English
40006200,Carter,Kali,s4000620@student.uq.edu.au,P07,,1,Male,English
40006210,Gaylord,Tevin,s4000621@student.uq.edu.au,P07,,1,Female,English
40006220,Harªann,Della,s4000622@student.uq.edu.au,P07,,0,Male,English
40006230,Steuber,Winfield,s4000623@student.uq.edu.au,P07,,0,Male,Other
40006240,Kiehn,Winfield,s4000624@student.uq.edu.au,P07,,0,Female,English
40006250,Nicolas,Fabian,s4000625@student.uq.edu.au,P07,,0,Male,English
40006260,Monahan,Rhoda,s4000626@student.uq.edu.au,P07,,0,Male,English
40006270,Spencer,Hassie,s4000627@student.uq.edu.au,P07,,,Male,Other
40006280,Hintz,Jalen,s4000628@student.uq.edu.au,P07,,0,Female,English
40006290,Emmerich,D'angelo,s4000629@student.uq.edu.au,P07,,0,Female,English
40006300,Feeney,Kaci,s4000630@student.uq.edu.au,P07,,0,Male,English
40006310,Parisian,Aimee,s4000631@student.uq.edu.au,P07,,0,Male,Other
40006320,Cruickshank,Lewis,s4000632@student.uq.edu.au,P07,,0,Female,Other
40006330,Wuckert,Delphine,s4000633@student.uq.edu.au,P07,,0,Female,English
40006340,Flatley,Santina,s4000634@student.uq.edu.au,P07,,0,Male,English
40006350,Huels,Brielle,s4000635@student.uq.edu.au,P07,,0,Male,English
40006360,Mohr,Uriel,s4000636@student.uq.edu.au,P07,,0,Female,English
40006370,Walter,Russel,s4000637@student.uq.edu.au,P07,,0,Male,English
40006380,Schamberger,Montana,s4000638@student.uq.edu.au,P07,,0,Female,English
40006390,Guªann,Selina,s4000639@student.uq.edu.au,P07,,0,Male,English
40006400,Russel,Adella,s4000640@student.uq.edu.au,P07,,1,Female,English
40006410,McLaughlin,Ward,s4000641@student.uq.edu.au,P07,,0,Female,English
40006420,Dicki,Florencio,s4000642@student.uq.edu.au,P07,,1,Male,Other
40006430,Kiehn,Elwin,s4000643@student.uq.edu.au,P07,,1,Female,English
40006440,Smith,Julia,s4000644@student.uq.edu.au,P07,,0,Male,English
40006450,Kerluke,Bianka,s4000645@student.uq.edu.au,P07,,0,Male,English
40006460,Kertzmann,Demarco,s4000646@student.uq.edu.au,P07,,0,Male,English
40006470,Macejkovic,Norwood,s4000647@student.uq.edu.au,P07,,0,Male,English
40006480,Grant,Vivien,s4000648@student.uq.edu.au,P07,,0,Male,English
40006490,McKenzie,Taya,s4000649@student.uq.edu.au,P07,,1,Female,English
40006500,Medhurst,Kassandra,s4000650@student.uq.edu.au,P07,,1,Female,English
40006510,Haag,Sarah,s4000651@student.uq.edu.au,P07,,1,Male,English
40006520,Turcotte,Blake,s4000652@student.uq.edu.au,P07,,1,Female,English
40006530,Kris,Emory,s4000653@student.uq.edu.au,P07,,0,Male,English
40006540,Okuneva,Lorenz,s4000654@student.uq.edu.au,P07,,1,Male,English
40006550,Feil,Pink,s4000655@student.uq.edu.au,P07,,1,Female,English
40006560,Batz,Erin,s4000656@student.uq.edu.au,P07,,1,Female,English
40006570,Veum,Norwood,s4000657@student.uq.edu.au,P07,,0,Male,English
40006580,O'Reilly,Amira,s4000658@student.uq.edu.au,P07,,0,Female,English
40006590,Auer,Abdullah,s4000659@student.uq.edu.au,P07,,1,Female,English
40006600,Bednar,Aubree,s4000660@student.uq.edu.au,P07,,1,Male,Other
40006610,Hudson,Nash,s4000661@student.uq.edu.au,P07,,0,Male,English
40006620,Bartoletti,Christian,s4000662@student.uq.edu.au,P07,,0,Male,English
40006630,Bode,Nicholaus,s4000663@student.uq.edu.au,P07,,0,Male,English
40006640,Friesen,Armando,s4000664@student.uq.edu.au,P07,,1,Female,Other
40006650,Hegmann,Marley,s4000665@student.uq.edu.au,P07,,0,Male,English
40006660,Hoppe,Patsy,s4000666@student.uq.edu.au,P07,,0,Male,English
40006670,Goldner,Karina,s4000667@student.uq.edu.au,P07,,0,Male,English
40006680,Schimmel,Jaylan,s4000668@student.uq.edu.au,P07,,0,Male,Other
40006690,Eichmann,Johnny,s4000669@student.uq.edu.au,P07,,0,Male,English
40006700,Kutch,Sandra,s4000670@student.uq.edu.au,P07,,0,Female,Other
40006710,Hermann,Albertha,s4000671@student.uq.edu.au,P08,,0,Male,English
40006720,Terry,Jana,s4000672@student.uq.edu.au,P08,,0,Male,Other
40006730,Thiel,Hadley,s4000673@student.uq.edu.au,P08,,0,Male,Other
40006740,Pouros,Ryan,s4000674@student.uq.edu.au,P08,,0,Male,Other
40006750,Buckridge,Amiya,s4000675@student.uq.edu.au,P08,,0,Male,Other
40006760,Kutch,Rosendo,s4000676@student.uq.edu.au,P08,,0,Male,English
40006770,Zieme,Glennie,s4000677@student.uq.edu.au,P08,,0,Male,Other
40006780,Friesen,Rubye,s4000678@student.uq.edu.au,P08,,0,Male,Other
40006790,Kautzer,Gisselle,s4000679@student.uq.edu.au,P08,,0,Male,English
40006800,Paucek,Elias,s4000680@student.uq.edu.au,P08,,0,Female,English
40006810,Gleichner,Electa,s4000681@student.uq.edu.au,P08,,0,Female,English
40006820,Ledner,Lera,s4000682@student.uq.edu.au,P08,,0,Female,English
40006830,Schiller,Buck,s4000683@student.uq.edu.au,P08,,1,Female,English
40006840,Wiza,Citlalli,s4000684@student.uq.edu.au,P08,,0,Male,English
40006850,Mraz,Maureen,s4000685@student.uq.edu.au,P08,,0,Female,English
40006860,Kassulke,Mario,s4000686@student.uq.edu.au,P08,,0,Male,Other
40006870,Dare,Shanon,s4000687@student.uq.edu.au,P08,,0,Male,Other
40006880,Erdman,Dudley,s4000688@student.uq.edu.au,P08,,0,Male,Other
40006890,Bergstrom,Jorge,s4000689@student.uq.edu.au,P08,,0,Male,Other
40006900,Sanford,Philip,s4000690@student.uq.edu.au,P08,,0,Female,Other
40006910,Breitenberg,Kenyon,s4000691@student.uq.edu.au,P08,,,,Other
40006920,Kertzmann,Vincent,s4000692@student.uq.edu.au,P08,,0,Male,Other
40006930,Konopelski,Harrison,s4000693@student.uq.edu.au,P08,,0,Male,Other
40006940,Hettinger,Leda,s4000694@student.uq.edu.au,P08,,0,Male,English
40006950,Zboncak,Levi,s4000695@student.uq.edu.au,P08,,0,Male,English
40006960,Reichel,Reginald,s4000696@student.uq.edu.au,P08,,0,Female,English
40006970,Keebler,Jack,s4000697@student.uq.edu.au,P08,,0,Female,English
40006980,Abernathy,Sallie,s4000698@student.uq.edu.au,P08,,0,Male,English
40006990,McClure,Cathy,s4000699@student.uq.edu.au,P08,,0,Male,English
40007000,Shanahan,Laron,s4000700@student.uq.edu.au,P08,,0,Male,English
40007010,Bergstrom,Adam,s4000701@student.uq.edu.au,P08,,1,Female,English
40007020,Friesen,Zack,s4000702@student.uq.edu.au,P08,,0,Male,English
40007030,Durgan,Ahmad,s4000703@student.uq.edu.au,P08,,,Male,English
40007040,Kling,Arden,s4000704@student.uq.edu.au,P08,,1,Male,English
40007050,Lehner,Glen,s4000705@student.uq.edu.au,P08,,1,Male,English
40007060,Ziemann,Madonna,s4000706@student.uq.edu.au,P08,,1,Female,English
40007070,Rutherford,Tom,s4000707@student.uq.edu.au,P08,,0,Male,English
40007080,Wilkinson,Kraig,s4000708@student.uq.edu.au,P08,,1,Male,English
40007090,Schaden,Roberto,s4000709@student.uq.edu.au,P08,,1,Male,English
40007100,Walker,Monroe,s4000710@student.uq.edu.au,P08,,0,Female,Other
40007110,Hegmann,Barton,s4000711@student.uq.edu.au,P08,,1,Male,English
40007120,Powlowski,Mireille,s4000712@student.uq.edu.au,P08,,1,Male,English
40007130,Gislason,Gus,s4000713@student.uq.edu.au,P08,,0,Male,English
40007140,Conroy,Leonel,s4000714@student.uq.edu.au,P08,,1,Male,English
40007150,Fay,Alysha,s4000715@student.uq.edu.au,P08,,0,Male,Other
40007160,Borer,Hayden,s4000716@student.uq.edu.au,P08,,0,Male,English
40007170,Legros,Werner,s4000717@student.uq.edu.au,P08,,0,Male,English
40007180,Goyette,Dillan,s4000718@student.uq.edu.au,P08,,0,Female,English
40007190,Gerlach,Benedict,s4000719@student.uq.edu.au,P08,,0,Female,English
40007200,Johns,Ubaldo,s4000720@student.uq.edu.au,P08,,1,Male,English
40007210,Crona,Camilla,s4000721@student.uq.edu.au,P08,,1,Male,English
40007220,Koepp,Eda,s4000722@student.uq.edu.au,P08,,0,Male,English
40007230,Prohaska,Verner,s4000723@student.uq.edu.au,P08,,0,Male,Other
40007240,Abbott,Willie,s4000724@student.uq.edu.au,P08,,0,Male,English
40007250,Glover,Sven,s4000725@student.uq.edu.au,P08,,0,Male,Other
40007260,Rohan,Christelle,s4000726@student.uq.edu.au,P08,,0,Male,English
40007270,Bradtke,Nicholas,s4000727@student.uq.edu.au,P08,,0,,English
40007280,Kautzer,Rosalia,s4000728@student.uq.edu.au,P08,,1,Female,English
40007290,Champlin,Connor,s4000729@student.uq.edu.au,P08,,0,Female,Other
40007300,Strosin,Bailee,s4000730@student.uq.edu.au,P08,,0,Male,English
40007310,Osinski,Jaclyn,s4000731@student.uq.edu.au,P08,,1,Male,English
40007320,Bergnaum,Devonte,s4000732@student.uq.edu.au,P08,,0,Male,English
40007330,Cole,Geovanni,s4000733@student.uq.edu.au,P08,,1,Male,English
40007340,Littel,Garrett,s4000734@student.uq.edu.au,P08,,0,Male,English
40007350,Cole,Kyla,s4000735@student.uq.edu.au,P08,,0,Male,English
40007360,Gerlach,Leif,s4000736@student.uq.edu.au,P08,,0,Female,Other
40007370,Auer,Kira,s4000737@student.uq.edu.au,P08,,1,Female,Other
40007380,McClure,Sterling,s4000738@student.uq.edu.au,P08,,0,Male,Other
40007390,Erdman,Vickie,s4000739@student.uq.edu.au,P08,,0,Male,English
40007400,Boyer,Verla,s4000740@student.uq.edu.au,P08,,0,Male,English
40007410,Bruen,Vida,s4000741@student.uq.edu.au,P08,,0,Male,English
40007420,Wisozk,Valentine,s4000742@student.uq.edu.au,P08,,0,Male,English
40007430,Pouros,Wayne,s4000743@student.uq.edu.au,P08,,1,Male,English
40007440,Stanton,Bradford,s4000744@student.uq.edu.au,P08,,1,Male,English
40007450,Lockman,Mollie,s4000745@student.uq.edu.au,P08,,0,Male,English
40007460,Bins,Rico,s4000746@student.uq.edu.au,P08,,1,Male,English
40007470,Botsford,Rodrigo,s4000747@student.uq.edu.au,P08,,0,Male,English
40007480,Quigley,Sonny,s4000748@student.uq.edu.au,P08,,0,Male,English
40007490,Beer,Elda,s4000749@student.uq.edu.au,P08,,1,Male,English
40007500,Kuhlman,Dell,s4000750@student.uq.edu.au,P08,,0,Male,English
40007510,Metz,Jeanie,s4000751@student.uq.edu.au,P08,,,Female,Other
40007520,Spencer,Harrison,s4000752@student.uq.edu.au,P08,,0,Male,English
40007530,Huel,Mozell,s4000753@student.uq.edu.au,P08,,,,Other
40007540,Boyer,Kelly,s4000754@student.uq.edu.au,P08,,0,Male,English
40007550,Steuber,Trisha,s4000755@student.uq.edu.au,P08,,0,Male,English
40007560,Hilll,Deon,s4000756@student.uq.edu.au,P09,,0,Female,English
40007570,Hudson,Zackery,s4000757@student.uq.edu.au,P09,,0,Female,English
40007580,Kshlerin,Jonathan,s4000758@student.uq.edu.au,P09,,0,Female,English
40007590,Larkin,Mohamed,s4000759@student.uq.edu.au,P09,,0,Male,Other
40007600,Blick,Mae,s4000760@student.uq.edu.au,P09,,0,Male,Other
40007610,Shanahan,Elaina,s4000761@student.uq.edu.au,P09,,,Male,English
40007620,Runolfsdottir,Katelin,s4000762@student.uq.edu.au,P09,,0,Male,English
40007630,Schowalter,Isai,s4000763@student.uq.edu.au,P09,,0,Male,English
40007640,Rath,Anne,s4000764@student.uq.edu.au,P09,,0,Female,English
40007650,Schaefer,Dortha,s4000765@student.uq.edu.au,P09,,0,Male,Other
40007660,Pagac,Kraig,s4000766@student.uq.edu.au,P09,,0,Female,Other
40007670,Renner,Arnulfo,s4000767@student.uq.edu.au,P09,,0,,Other
40007680,Jenkins,Telly,s4000768@student.uq.edu.au,P09,,0,Male,Other
40007690,Larson,Cornell,s4000769@student.uq.edu.au,P09,,1,Male,Other
40007700,Walker,Sonia,s4000770@student.uq.edu.au,P09,,0,Male,English
40007710,Rowe,Estelle,s4000771@student.uq.edu.au,P09,,,Male,English
40007720,Kohler,Jillian,s4000772@student.uq.edu.au,P09,,0,Male,English
40007730,Hackett,Juana,s4000773@student.uq.edu.au,P09,,0,Female,English
40007740,Cummerata,Alexandre,s4000774@student.uq.edu.au,P09,,0,Female,English
40007750,Green,Dell,s4000775@student.uq.edu.au,P09,,0,Female,English
40007760,Satterfield,Eliezer,s4000776@student.uq.edu.au,P09,,0,Female,English
40007770,Corkery,Serenity,s4000777@student.uq.edu.au,P09,,0,Male,Other
40007780,Brekke,Misty,s4000778@student.uq.edu.au,P09,,0,Female,Other
40007790,Beahan,Vergie,s4000779@student.uq.edu.au,P09,,0,Female,Other
40007800,Hoppe,Zella,s4000780@student.uq.edu.au,P09,,0,Female,English
40007810,Denesik,Madyson,s4000781@student.uq.edu.au,P09,,1,Male,Other
40007820,Pacocha,Stone,s4000782@student.uq.edu.au,P09,,0,Male,Other
40007830,Gusikowski,Orland,s4000783@student.uq.edu.au,P09,,0,Male,Other
40007840,Mann,Octavia,s4000784@student.uq.edu.au,P09,,0,Male,Other
40007850,Sanford,Devante,s4000785@student.uq.edu.au,P09,,0,Female,Other
40007860,O'Keefe,Abdullah,s4000786@student.uq.edu.au,P09,,0,Male,Other
40007870,Johnston,Wyatt,s4000787@student.uq.edu.au,P09,,0,Male,Other
40007880,Kunde,Precious,s4000788@student.uq.edu.au,P09,,0,Male,Other
40007890,Wunsch,Myron,s4000789@student.uq.edu.au,P09,,0,Male,English
40007900,Kunde,Avis,s4000790@student.uq.edu.au,P09,,0,Male,English
40007910,Weimann,Kathlyn,s4000791@student.uq.edu.au,P09,,1,Male,English
40007920,Schuppe,Mark,s4000792@student.uq.edu.au,P09,,0,Female,English
40007930,Hand,Christina,s4000793@student.uq.edu.au,P09,,0,Male,English
40007940,Little,Chadrick,s4000794@student.uq.edu.au,P09,,0,Male,English
40007950,Marvin,Lonnie,s4000795@student.uq.edu.au,P09,,,Male,English
40007960,Volkman,Rachael,s4000796@student.uq.edu.au,P09,,1,Male,English
40007970,Barrows,Precious,s4000797@student.uq.edu.au,P09,,0,Male,English
40007980,Weimann,Dominic,s4000798@student.uq.edu.au,P09,,0,Male,English
40007990,Bode,Domenica,s4000799@student.uq.edu.au,P09,,1,Male,Other
40008000,Nienow,Jaren,s4000800@student.uq.edu.au,P09,,0,Male,English
40008010,Langosh,Anna,s4000801@student.uq.edu.au,P09,,0,Male,English
40008020,Davis,Rosa,s4000802@student.uq.edu.au,P09,,0,Male,English
40008030,Will,Jannie,s4000803@student.uq.edu.au,P09,,1,Male,English
40008040,Deckow,Kathlyn,s4000804@student.uq.edu.au,P09,,0,Male,English
40008050,O'Reilly,Aliya,s4000805@student.uq.edu.au,P09,,0,Male,English
40008060,Cremin,Bethel,s4000806@student.uq.edu.au,P09,,,Male,English
40008070,Oberbrunner,Mose,s4000807@student.uq.edu.au,P09,,0,Female,English
40008080,Bergnaum,Linnea,s4000808@student.uq.edu.au,P09,,1,Male,English
40008090,Wolf,Ladarius,s4000809@student.uq.edu.au,P09,,0,Male,English
40008100,Bode,Kurt,s4000810@student.uq.edu.au,P09,,0,Male,English
40008110,Gottlieb,Kaelyn,s4000811@student.uq.edu.au,P09,,1,Male,English
40008120,Waelchi,Florencio,s4000812@student.uq.edu.au,P09,,0,Male,English
40008130,Altenwerth,Winnifred,s4000813@student.uq.edu.au,P09,,0,Male,English
40008140,Hilpert,Piper,s4000814@student.uq.edu.au,P09,,0,Male,English
40008150,Rippin,Alexzander,s4000815@student.uq.edu.au,P09,,0,Male,English
40008160,Bogisich,Coy,s4000816@student.uq.edu.au,P09,,1,Male,English
40008170,Runolfsson,Zoila,s4000817@student.uq.edu.au,P10,,1,Female,English
40008180,Harªann,Angeline,s4000818@student.uq.edu.au,P10,,1,Male,English
40008190,Hayes,Yasmine,s4000819@student.uq.edu.au,P10,,0,Female,English
40008200,Flatley,Jenifer,s4000820@student.uq.edu.au,P10,,0,Male,English
40008210,Barton,Thomas,s4000821@student.uq.edu.au,P10,,,Male,English
40008220,White,Nathanial,s4000822@student.uq.edu.au,P10,,,Male,English
40008230,Corwin,Reginald,s4000823@student.uq.edu.au,P10,,1,Female,Other
40008240,Berge,Ignacio,s4000824@student.uq.edu.au,P10,,0,Male,Other
40008250,Schamberger,Cristobal,s4000825@student.uq.edu.au,P10,,0,Male,Other
40008260,Leuschke,Keegan,s4000826@student.uq.edu.au,P10,,0,Male,Other
40008270,Howe,Consuelo,s4000827@student.uq.edu.au,P10,,0,Male,Other
40008280,Kunze,Immanuel,s4000828@student.uq.edu.au,P10,,,Male,Other
40008290,Barrows,Brianne,s4000829@student.uq.edu.au,P10,,1,Male,English
40008300,Johns,Cyrus,s4000830@student.uq.edu.au,P10,,1,Male,English
40008310,Boyle,Audreanne,s4000831@student.uq.edu.au,P10,,,Male,English
40008320,Ward,Lesly,s4000832@student.uq.edu.au,P10,,1,Female,English
40008330,Abbott,Alvena,s4000833@student.uq.edu.au,P10,,,Male,English
40008340,Erdman,Harvey,s4000834@student.uq.edu.au,P10,,1,Male,English
40008350,Adams,Dereck,s4000835@student.uq.edu.au,P10,,0,Male,English
40008360,Wehner,Cristobal,s4000836@student.uq.edu.au,P10,,0,Male,English
40008370,Waters,Magdalen,s4000837@student.uq.edu.au,P10,,0,Female,Other
40008380,Ondricka,Elizabeth,s4000838@student.uq.edu.au,P10,,0,Male,English
40008390,Swift,Yasmin,s4000839@student.uq.edu.au,P10,,0,Female,Other
40008400,Dare,Alvis,s4000840@student.uq.edu.au,P10,,0,Female,Other
40008410,Wunsch,Isac,s4000841@student.uq.edu.au,P10,,0,Female,Other
40008420,Mertz,Aglae,s4000842@student.uq.edu.au,P10,,1,Male,English
40008430,Weber,Stephen,s4000843@student.uq.edu.au,P10,,1,Male,Other
40008440,Rath,Godfrey,s4000844@student.uq.edu.au,P10,,0,,Other
40008450,Collier,Fannie,s4000845@student.uq.edu.au,P10,,0,Male,English
40008460,Gleichner,Zoie,s4000846@student.uq.edu.au,P10,,0,Male,English
40008470,Vandervort,Annabell,s4000847@student.uq.edu.au,P10,,1,Male,English
40008480,Davis,Eldon,s4000848@student.uq.edu.au,P10,,0,Male,Other
40008490,Leannon,Lindsey,s4000849@student.uq.edu.au,P10,,1,Male,English
40008500,Carroll,Leopoldo,s4000850@student.uq.edu.au,P10,,0,Male,English
40008510,Schmidt,Lukas,s4000851@student.uq.edu.au,P10,,0,Male,English
40008520,Jewess,Monty,s4000852@student.uq.edu.au,P10,,,Female,English
40008530,Kshlerin,Kaitlin,s4000853@student.uq.edu.au,P10,,1,Male,English
40008540,Schmidt,Fidel,s4000854@student.uq.edu.au,P10,,1,Male,English
40008550,Abshire,Arnold,s4000855@student.uq.edu.au,P10,,1,Male,English
40008560,Torphy,Katrine,s4000856@student.uq.edu.au,P10,,1,Male,English
40008570,Willms,Cleora,s4000857@student.uq.edu.au,P10,,1,Male,Other
40008580,Vandervort,Zaria,s4000858@student.uq.edu.au,P10,,0,Male,English
40008590,Emard,Elizabeth,s4000859@student.uq.edu.au,P10,,0,Female,English
40008600,Kris,Nelson,s4000860@student.uq.edu.au,P10,,1,Male,Other
40008610,Reynolds,Madisyn,s4000861@student.uq.edu.au,P10,,0,Male,English
40008620,Terry,Camron,s4000862@student.uq.edu.au,P10,,0,Male,English
40008630,Lang,Willie,s4000863@student.uq.edu.au,P10,,0,Male,English
40008640,Conn,Alfreda,s4000864@student.uq.edu.au,P10,,,Male,English
40008650,Langosh,Rebekah,s4000865@student.uq.edu.au,P10,,0,Male,English
40008660,Veum,Amir,s4000866@student.uq.edu.au,P10,,0,Female,English
40008670,Konopelski,Ezra,s4000867@student.uq.edu.au,P10,,1,Male,English
40008680,Parker,Martine,s4000868@student.uq.edu.au,P10,,0,Male,English
40008690,King,Oswald,s4000869@student.uq.edu.au,P10,,1,Male,English
40008700,Hilpert,Twila,s4000870@student.uq.edu.au,P10,,0,Male,English
40008710,Franecki,Shanna,s4000871@student.uq.edu.au,P10,,0,Female,English
40008720,Stanton,Cedrick,s4000872@student.uq.edu.au,P10,,0,Female,English
40008730,Auer,Elouise,s4000873@student.uq.edu.au,P10,,0,Male,English
40008740,Carter,Conrad,s4000874@student.uq.edu.au,P10,,0,Female,English
40008750,Stanton,Victor,s4000875@student.uq.edu.au,P10,,0,Male,English
40008760,Pouros,Lucio,s4000876@student.uq.edu.au,P10,,1,Male,English
40008770,Harris,Noelia,s4000877@student.uq.edu.au,P10,,0,Male,English
40008780,Donnelly,Elliot,s4000878@student.uq.edu.au,P10,,0,Male,English
40008790,Zulauf,Edward,s4000879@student.uq.edu.au,P10,,,Male,English
40008800,O'Kon,Eusebio,s4000880@student.uq.edu.au,P10,,1,Female,English
40008810,Bailey,Amanda,s4000881@student.uq.edu.au,P10,,0,Female,English
40008820,Romaguera,Nathaniel,s4000882@student.uq.edu.au,P10,,0,Male,English
40008830,Koch,Harry,s4000883@student.uq.edu.au,P10,,0,Male,English
40008840,Abshire,Avery,s4000884@student.uq.edu.au,P10,,0,Male,English
40008850,Medhurst,Lorenza,s4000885@student.uq.edu.au,P10,,0,Male,English
40008860,Spinka,Sheila,s4000886@student.uq.edu.au,P10,,0,Female,English
40008870,Klein,Jana,s4000887@student.uq.edu.au,P10,,0,Female,Other
40008880,Kulas,Lysanne,s4000888@student.uq.edu.au,P10,,0,Female,English
40008890,Adams,Neal,s4000889@student.uq.edu.au,P10,,0,Male,English
40008900,Wiegand,Marquise,s4000890@student.uq.edu.au,P10,,0,Male,English
40008910,Crist,Felipe,s4000891@student.uq.edu.au,P10,,1,Female,English
40008920,Spencer,Saige,s4000892@student.uq.edu.au,P10,,0,Female,English
40008930,King,Rogers,s4000893@student.uq.edu.au,P10,,0,Female,English
40008940,Corwin,Chad,s4000894@student.uq.edu.au,P10,,0,Male,English
40008950,Armstrong,Kaley,s4000895@student.uq.edu.au,P10,,0,Female,English
40008960,Kuhn,Ervin,s4000896@student.uq.edu.au,P10,,1,Female,English
40008970,Guªann,Paige,s4000897@student.uq.edu.au,P10,,0,Female,English
40008980,Mitchell,Libbie,s4000898@student.uq.edu.au,P10,,0,Female,English
40008990,Stracke,Noemi,s4000899@student.uq.edu.au,P10,,0,Male,English
40009000,Hand,Gabrielle,s4000900@student.uq.edu.au,P10,,0,Male,Other
40009010,McCullough,Arnulfo,s4000901@student.uq.edu.au,P10,,1,Male,English
40009020,Schulist,Clyde,s4000902@student.uq.edu.au,P10,,0,Male,English
40009030,Harber,Clay,s4000903@student.uq.edu.au,P10,,0,Female,English
40009040,Leuschke,Marcel,s4000904@student.uq.edu.au,P10,,0,Male,English
40009050,King,Cleveland,s4000905@student.uq.edu.au,P10,,0,Female,English
40009060,Rath,Gideon,s4000906@student.uq.edu.au,P10,,0,Male,English
40009070,Bogan,Glenna,s4000907@student.uq.edu.au,P10,,0,Male,English
40009080,Kozey,Jamil,s4000908@student.uq.edu.au,P10,,1,Female,English
40009090,Ferry,Wava,s4000909@student.uq.edu.au,P10,,1,Male,English
40009100,Kautzer,Drew,s4000910@student.uq.edu.au,P10,,0,Male,English
40009110,Kshlerin,Dasia,s4000911@student.uq.edu.au,P10,,0,Male,English
40009120,Kohler,Thurman,s4000912@student.uq.edu.au,P10,,0,Male,English
40009130,Satterfield,Kip,s4000913@student.uq.edu.au,P11,,,Male,English
40009140,Little,Cristobal,s4000914@student.uq.edu.au,P11,,0,Male,English
40009150,Donnelly,Maddison,s4000915@student.uq.edu.au,P11,,0,Male,English
40009160,Schneider,Nelson,s4000916@student.uq.edu.au,P11,,0,Male,English
40009170,O'Conner,Abel,s4000917@student.uq.edu.au,P11,,0,Male,Other
40009180,Vandervort,Ettie,s4000918@student.uq.edu.au,P11,,0,Male,Other
40009190,Halvorson,Elwin,s4000919@student.uq.edu.au,P11,,0,Male,English
40009200,Weissnat,Alena,s4000920@student.uq.edu.au,P11,,0,Male,English
40009210,Baumbach,Martine,s4000921@student.uq.edu.au,P11,,0,Male,Other
40009220,Schimmel,Osvaldo,s4000922@student.uq.edu.au,P11,,1,Female,English
40009230,Jacobson,Edwina,s4000923@student.uq.edu.au,P11,,0,Female,Other
40009240,Reynolds,Chester,s4000924@student.uq.edu.au,P11,,0,Male,English
40009250,Becker,Gardner,s4000925@student.uq.edu.au,P11,,0,Male,English
40009260,Auer,Trey,s4000926@student.uq.edu.au,P11,,0,Male,English
40009270,Gusikowski,Magdalena,s4000927@student.uq.edu.au,P11,,1,Female,Other
40009280,Borer,Nathaniel,s4000928@student.uq.edu.au,P11,,1,Male,Other
40009290,Schuster,Meredith,s4000929@student.uq.edu.au,P11,,0,Female,Other
40009300,Heller,Lucienne,s4000930@student.uq.edu.au,P11,,0,Female,Other
40009310,Wisoky,Clemmie,s4000931@student.uq.edu.au,P11,,1,Male,Other
40009320,Jacobson,Hailie,s4000932@student.uq.edu.au,P11,,0,Male,Other
40009330,Gulgowski,Elyssa,s4000933@student.uq.edu.au,P11,,0,Male,Other
40009340,Cole,Nicolette,s4000934@student.uq.edu.au,P11,,0,Male,Other
40009350,Zulauf,Cedrick,s4000935@student.uq.edu.au,P11,,0,Female,Other
40009360,O'Connell,Lafayette,s4000936@student.uq.edu.au,P11,,0,Female,Other
40009370,Ledner,Ottilie,s4000937@student.uq.edu.au,P11,,0,Male,English
40009380,Bogan,Salvador,s4000938@student.uq.edu.au,P11,,1,Male,English
40009390,Haag,Wallace,s4000939@student.uq.edu.au,P11,,1,Male,English
40009400,Becker,Werner,s4000940@student.uq.edu.au,P11,,0,Male,English
40009410,Cremin,Tia,s4000941@student.uq.edu.au,P11,,0,Male,Other
40009420,Gusikowski,Norval,s4000942@student.uq.edu.au,P11,,1,Male,Other
40009430,Konopelski,Ronaldo,s4000943@student.uq.edu.au,P11,,0,Female,English
40009440,Predovic,Ariel,s4000944@student.uq.edu.au,P11,,0,Male,English
40009450,Smitham,Casper,s4000945@student.uq.edu.au,P11,,0,Female,Other
40009460,Hudson,Rollin,s4000946@student.uq.edu.au,P11,,0,Male,English
40009470,Hilll,Dominic,s4000947@student.uq.edu.au,P11,,1,Male,English
40009480,Kuhic,Jadyn,s4000948@student.uq.edu.au,P11,,0,Female,Other
40009490,Reichel,Emiliano,s4000949@student.uq.edu.au,P11,,1,Male,English
40009500,Nienow,Jerrod,s4000950@student.uq.edu.au,P11,,0,Female,English
40009510,Graham,Preston,s4000951@student.uq.edu.au,P11,,0,Male,Other
40009520,Ruecker,Maryjane,s4000952@student.uq.edu.au,P11,,,Male,Other
40009530,Huel,Akeem,s4000953@student.uq.edu.au,P11,,0,Male,Other
40009540,Mraz,Heber,s4000954@student.uq.edu.au,P11,,0,Male,English
40009550,Fritsch,Jaunita,s4000955@student.uq.edu.au,P11,,0,Male,English
40009560,Schultz,Elda,s4000956@student.uq.edu.au,P11,,0,Male,English
40009570,Torp,Karianne,s4000957@student.uq.edu.au,P11,,0,Female,English
40009580,Maggio,Jared,s4000958@student.uq.edu.au,P11,,0,Male,English
40009590,Kautzer,Betty,s4000959@student.uq.edu.au,P11,,0,Male,English
40009600,Daugherty,Nels,s4000960@student.uq.edu.au,P11,,0,Female,English
40009610,Davis,Alfonso,s4000961@student.uq.edu.au,P11,,0,Male,English
40009620,Feeney,Mavis,s4000962@student.uq.edu.au,P11,,0,Male,English
40009630,Hayes,Coby,s4000963@student.uq.edu.au,P11,,0,Male,English
40009640,Wisozk,Lelah,s4000964@student.uq.edu.au,P11,,0,Male,Other
40009650,Bins,Nannie,s4000965@student.uq.edu.au,P11,,0,Male,English
40009660,Borer,Lyric,s4000966@student.uq.edu.au,P11,,0,Male,English
40009670,Abshire,Kameron,s4000967@student.uq.edu.au,P11,,0,Male,English
40009680,Wunsch,Adaline,s4000968@student.uq.edu.au,P11,,0,Male,English
40009690,Hackett,Theresa,s4000969@student.uq.edu.au,P11,,0,Female,English
40009700,Willms,Georgette,s4000970@student.uq.edu.au,P11,,0,Male,English
40009710,Emard,Lorena,s4000971@student.uq.edu.au,P11,,0,Male,English
40009720,Willms,Megane,s4000972@student.uq.edu.au,P11,,0,Male,Other
40009730,Johns,Kareem,s4000973@student.uq.edu.au,P11,,1,Male,English
40009740,Labadie,Benny,s4000974@student.uq.edu.au,P11,,0,Male,English
40009750,Lindgren,Jeffery,s4000975@student.uq.edu.au,P11,,1,Female,English
40009760,Keeling,Dannie,s4000976@student.uq.edu.au,P11,,0,Male,English
40009770,O'Connell,Jan,s4000977@student.uq.edu.au,P11,,1,Male,English
40009780,Heathcote,Buford,s4000978@student.uq.edu.au,P11,,0,Male,English
40009790,Roberts,Art,s4000979@student.uq.edu.au,P11,,0,Female,Other
40009800,Kling,Curt,s4000980@student.uq.edu.au,P11,,0,Female,English
40009810,Zieme,Savannah,s4000981@student.uq.edu.au,P11,,0,Male,English
40009820,Reichert,Lina,s4000982@student.uq.edu.au,P11,,1,Male,English
40009830,Aufderhar,Lexus,s4000983@student.uq.edu.au,P11,,0,Male,English
40009840,O'Connell,Lora,s4000984@student.uq.edu.au,P11,,,Male,Other
40009850,Rau,Jane,s4000985@student.uq.edu.au,P11,,1,Male,English
40009860,Bins,Augusta,s4000986@student.uq.edu.au,P11,,0,Male,Other
40009870,Heaney,Verna,s4000987@student.uq.edu.au,P11,,1,Female,English
40009880,Stamm,Stella,s4000988@student.uq.edu.au,P11,,0,Male,English
40009890,Schulist,Jared,s4000989@student.uq.edu.au,P11,,0,Female,English
40009900,Littel,Veda,s4000990@student.uq.edu.au,P11,,0,Male,English
40009910,Powlowski,Jordyn,s4000991@student.uq.edu.au,P11,,0,Male,Other
40009920,Weber,Watson,s4000992@student.uq.edu.au,P11,,0,Male,English
40009930,O'Hara,Reagan,s4000993@student.uq.edu.au,P11,,0,Male,English
40009940,Braun,Weldon,s4000994@student.uq.edu.au,P11,,0,Male,English
40009950,Mertz,Adrian,s4000995@student.uq.edu.au,P11,,1,Female,English
40009960,Rau,Rae,s4000996@student.uq.edu.au,P11,,1,Male,English
40009970,Cummings,Mara,s4000997@student.uq.edu.au,P11,,0,Female,English
40009980,Hilpert,Claudie,s4000998@student.uq.edu.au,P11,,0,Male,English
40009990,Champlin,Carey,s4000999@student.uq.edu.au,P11,,0,Male,English
40010000,Towne,Alysson,s4001000@student.uq.edu.au,P11,,,,English
40010010,Conn,Luz,s4001001@student.uq.edu.au,P11,,1,Male,English
40010020,Keeling,Clarissa,s4001002@student.uq.edu.au,P11,,0,Male,English
40010030,Cormier,Lonnie,s4001003@student.uq.edu.au,P11,,1,Male,English
40010040,Spinka,Heather,s4001004@student.uq.edu.au,P11,,,Female,English
40010050,Bergnaum,Jany,s4001005@student.uq.edu.au,P11,,1,Male,English
40010060,Turner,Malachi,s4001006@student.uq.edu.au,P11,,0,Male,English
40010070,Grady,Aidan,s4001007@student.uq.edu.au,P11,,0,Male,English
40010080,Stamm,Maribel,s4001008@student.uq.edu.au,P12,,1,Male,English
40010090,Ryan,Robin,s4001009@student.uq.edu.au,P12,,0,Female,English
40010100,Durgan,Tillman,s4001010@student.uq.edu.au,P12,,0,Male,English
40010110,Christiansen,Wilton,s4001011@student.uq.edu.au,P12,,,Male,English
40010120,DuBuque,Janet,s4001012@student.uq.edu.au,P12,,,Male,Other
40010130,Harªann,Ottilie,s4001013@student.uq.edu.au,P12,,,Male,English
40010140,Bartell,Edmund,s4001014@student.uq.edu.au,P12,,,,Other
40010150,Emard,Quinten,s4001015@student.uq.edu.au,P12,,0,Male,Other
40010160,Kub,Derek,s4001016@student.uq.edu.au,P12,,0,Male,Other
40010170,Jewess,Tess,s4001017@student.uq.edu.au,P12,,0,,English
40010180,Olson,Ryan,s4001018@student.uq.edu.au,P12,,0,Male,Other
40010190,Glover,Chasity,s4001019@student.uq.edu.au,P12,,0,Male,English
40010200,Carter,Eliezer,s4001020@student.uq.edu.au,P12,,0,Female,Other
40010210,Bergnaum,Jean,s4001021@student.uq.edu.au,P12,,0,Male,English
40010220,Upton,Hugh,s4001022@student.uq.edu.au,P12,,,Male,Other
40010230,Bashirian,Leanna,s4001023@student.uq.edu.au,P12,,0,Male,English
40010240,Gislason,Valerie,s4001024@student.uq.edu.au,P12,,,Male,English
40010250,Ryan,Easter,s4001025@student.uq.edu.au,P12,,,Male,English
40010260,Koepp,Efren,s4001026@student.uq.edu.au,P12,,,Male,English
40010270,McCullough,Kendrick,s4001027@student.uq.edu.au,P12,,1,Male,English
40010280,Hackett,Zoey,s4001028@student.uq.edu.au,P12,,1,Female,English
40010290,Sauer,Makayla,s4001029@student.uq.edu.au,P12,,1,Male,English
40010300,Harªann,Hertha,s4001030@student.uq.edu.au,P12,,,Male,English
40010310,Reichel,Eleanora,s4001031@student.uq.edu.au,P12,,0,Male,Other
40010320,Okuneva,Henderson,s4001032@student.uq.edu.au,P12,,0,Male,Other
40010330,Ritchie,William,s4001033@student.uq.edu.au,P12,,,Male,Other
40010340,Cole,Cary,s4001034@student.uq.edu.au,P12,,1,Female,English
40010350,Mills,Loraine,s4001035@student.uq.edu.au,P12,,1,Female,Other
40010360,Berge,Jay,s4001036@student.uq.edu.au,P12,,0,Female,Other
40010370,Huel,Herta,s4001037@student.uq.edu.au,P12,,0,Male,Other
40010380,Hudson,Karina,s4001038@student.uq.edu.au,P12,,,,Other
40010390,Bogan,Ansel,s4001039@student.uq.edu.au,P12,,0,Male,Other
40010400,Mitchell,Dusty,s4001040@student.uq.edu.au,P12,,0,Male,Other
40010410,Fahey,Tracey,s4001041@student.uq.edu.au,P12,,,,Other
40010420,Boehm,Emely,s4001042@student.uq.edu.au,P12,,1,,English
40010430,Halvorson,Mara,s4001043@student.uq.edu.au,P12,,0,Male,English
40010440,Mueller,Margie,s4001044@student.uq.edu.au,P12,,0,Male,English
40010450,Rippin,Gerald,s4001045@student.uq.edu.au,P12,,0,Male,English
40010460,Green,Shawn,s4001046@student.uq.edu.au,P12,,0,Male,English
40010470,Predovic,Lonie,s4001047@student.uq.edu.au,P12,,0,Male,Other
40010480,Harber,Ryley,s4001048@student.uq.edu.au,P12,,0,Male,English
40010490,Marquardt,Bert,s4001049@student.uq.edu.au,P12,,0,Male,English
40010500,Lueilwitz,Christelle,s4001050@student.uq.edu.au,P12,,0,Male,English
40010510,Ruecker,Nella,s4001051@student.uq.edu.au,P12,,0,Male,English
40010520,Casper,Laurence,s4001052@student.uq.edu.au,P12,,1,Male,English
40010530,Lehner,Maxie,s4001053@student.uq.edu.au,P12,,0,Male,English
40010540,Bahringer,Sonia,s4001054@student.uq.edu.au,P12,,0,Male,English
40010550,Brakus,Katrine,s4001055@student.uq.edu.au,P12,,0,Male,English
40010560,Berge,Caleigh,s4001056@student.uq.edu.au,P12,,1,Male,English
40010570,Hoeger,Camylle,s4001057@student.uq.edu.au,P12,,0,Female,Other
40010580,Rohan,Jeremy,s4001058@student.uq.edu.au,P12,,0,Male,English
40010590,Connelly,Bailee,s4001059@student.uq.edu.au,P12,,0,Male,English
40010600,Denesik,Berniece,s4001060@student.uq.edu.au,P12,,0,Female,English
40010610,Ledner,Shea,s4001061@student.uq.edu.au,P12,,0,Male,Other
40010620,Little,Lucienne,s4001062@student.uq.edu.au,P12,,0,Male,English
40010630,Boyer,Madonna,s4001063@student.uq.edu.au,P12,,0,Male,English
40010640,Willms,Winnifred,s4001064@student.uq.edu.au,P12,,0,Male,Other
40010650,Prosacco,Winfield,s4001065@student.uq.edu.au,P12,,0,Male,English
40010660,Rempel,Marcelina,s4001066@student.uq.edu.au,P12,,0,Male,English
40010670,Kirlin,Hailie,s4001067@student.uq.edu.au,P12,,0,Male,English
40010680,Dach,Mervin,s4001068@student.uq.edu.au,P12,,0,Female,English
40010690,Green,Estelle,s4001069@student.uq.edu.au,P12,,,Male,English
40010700,Koss,Nayeli,s4001070@student.uq.edu.au,P12,,0,Male,English
40010710,Johnson,Colton,s4001071@student.uq.edu.au,P12,,0,Male,English
40010720,Bode,Simone,s4001072@student.uq.edu.au,P12,,0,Male,English
40010730,Hickle,Manuela,s4001073@student.uq.edu.au,P12,,1,Male,English
40010740,Wisozk,Daphne,s4001074@student.uq.edu.au,P12,,0,Male,English
40010750,Schmitt,Leon,s4001075@student.uq.edu.au,P12,,0,Female,English
40010760,Zemlak,Unique,s4001076@student.uq.edu.au,P12,,0,Male,English
40010770,Kirlin,Anissa,s4001077@student.uq.edu.au,P12,,1,Male,English
40010780,Reilly,Rosemarie,s4001078@student.uq.edu.au,P12,,0,Male,English
40010790,Quigley,Sarai,s4001079@student.uq.edu.au,P12,,,Male,English
40010800,Gorczany,Camden,s4001080@student.uq.edu.au,P12,,0,Male,English
40010810,McKenzie,Carley,s4001081@student.uq.edu.au,P12,,0,Male,English
40010820,Aufderhar,Alyce,s4001082@student.uq.edu.au,P12,,0,Male,English
40010830,Langworth,Elissa,s4001083@student.uq.edu.au,P12,,0,Male,English
40010840,Brakus,Bernadette,s4001084@student.uq.edu.au,P12,,1,Male,English
40010850,Medhurst,Milan,s4001085@student.uq.edu.au,P12,,0,Male,English
40010860,Flatley,Jean,s4001086@student.uq.edu.au,P12,,1,Male,English
40010870,Walsh,Seamus,s4001087@student.uq.edu.au,P12,,0,Male,English
40010880,Miller,Shaun,s4001088@student.uq.edu.au,P12,,1,Male,English
40010890,Swift,Darrel,s4001089@student.uq.edu.au,P12,,0,Male,English
40010900,Glover,Yadira,s4001090@student.uq.edu.au,P12,,1,Male,English
40010910,Altenwerth,Isac,s4001091@student.uq.edu.au,P12,,1,Male,English
40010920,Kutch,Camille,s4001092@student.uq.edu.au,P12,,0,Male,English
40010930,O'Keefe,Aurore,s4001093@student.uq.edu.au,P12,,1,Male,English
40010940,Ferry,Keeley,s4001094@student.uq.edu.au,P12,,0,Female,English
40010950,Skiles,Ellis,s4001095@student.uq.edu.au,P12,,1,Male,English
40010960,Goodwin,Dwight,s4001096@student.uq.edu.au,P12,,0,Male,English
40010970,Senger,Hayden,s4001097@student.uq.edu.au,P12,,0,Male,English
40010980,Watsica,Hollis,s4001098@student.uq.edu.au,P12,,1,Female,English
40010990,Larson,Audrey,s4001099@student.uq.edu.au,P12,,0,Male,English
40011000,Bernier,Anika,s4001100@student.uq.edu.au,P12,,0,Male,English
40011010,Weber,Dalton,s4001101@student.uq.edu.au,P12,,0,Male,English
40011020,Hegmann,Harry,s4001102@student.uq.edu.au,P12,,,Male,English
40011030,Ullrich,Jerald,s4001103@student.uq.edu.au,P12,,0,Male,English
40011040,Swaniawski,Raoul,s4001104@student.uq.edu.au,P13,,0,Male,English
40011050,Feil,Arely,s4001105@student.uq.edu.au,P13,,1,Male,English
40011060,Littel,Christophe,s4001106@student.uq.edu.au,P13,,1,Female,English
40011070,Gerlach,Callie,s4001107@student.uq.edu.au,P13,,0,Male,English
40011080,Hirthe,Carolanne,s4001108@student.uq.edu.au,P13,,,Male,English
40011090,Schiller,Florine,s4001109@student.uq.edu.au,P13,,,,Other
40011100,Christiansen,Valerie,s4001110@student.uq.edu.au,P13,,0,Male,English
40011110,Russel,Waldo,s4001111@student.uq.edu.au,P13,,,Male,English
40011120,O'Hara,Hanna,s4001112@student.uq.edu.au,P13,,0,Male,Other
40011130,Jaskolski,Eriberto,s4001113@student.uq.edu.au,P13,,0,Male,Other
40011140,Bins,Manley,s4001114@student.uq.edu.au,P13,,0,Male,Other
40011150,Emmerich,Sophie,s4001115@student.uq.edu.au,P13,,0,Male,Other
40011160,Hansen,Uriel,s4001116@student.uq.edu.au,P13,,0,,Other
40011170,Swaniawski,Shanie,s4001117@student.uq.edu.au,P13,,0,Male,Other
40011180,Keeling,Jaydon,s4001118@student.uq.edu.au,P13,,1,Male,English
40011190,Lang,Benny,s4001119@student.uq.edu.au,P13,,1,Male,English
40011200,Leannon,Amaya,s4001120@student.uq.edu.au,P13,,0,Male,English
40011210,Lubowitz,Amari,s4001121@student.uq.edu.au,P13,,0,Male,English
40011220,Gibson,Sven,s4001122@student.uq.edu.au,P13,,0,Male,English
40011230,Gibson,Jarrett,s4001123@student.uq.edu.au,P13,,0,Male,Other
40011240,Fadel,Kyleigh,s4001124@student.uq.edu.au,P13,,1,Male,Other
40011250,Rutherford,Joe,s4001125@student.uq.edu.au,P13,,0,Female,Other
40011260,Lubowitz,Veda,s4001126@student.uq.edu.au,P13,,0,Female,Other
40011270,Vandervort,Lazaro,s4001127@student.uq.edu.au,P13,,0,Male,Other
40011280,Fay,Devan,s4001128@student.uq.edu.au,P13,,0,Female,English
40011290,Sanford,Joaquin,s4001129@student.uq.edu.au,P13,,1,Male,English
40011300,Hackett,Jarrod,s4001130@student.uq.edu.au,P13,,0,Male,Other
40011310,Cronin,Reva,s4001131@student.uq.edu.au,P13,,1,Female,Other
40011320,Kassulke,Myrna,s4001132@student.uq.edu.au,P13,,0,Male,Other
40011330,Waters,Ransom,s4001133@student.uq.edu.au,P13,,0,Female,English
40011340,Schinner,Heloise,s4001134@student.uq.edu.au,P13,,0,Male,English
40011350,Kshlerin,Oswald,s4001135@student.uq.edu.au,P13,,0,Male,English
40011360,Stokes,Eulah,s4001136@student.uq.edu.au,P13,,0,Male,English
40011370,Larkin,Merle,s4001137@student.uq.edu.au,P13,,0,Male,English
40011380,Oberbrunner,Keagan,s4001138@student.uq.edu.au,P13,,0,Male,English
40011390,Batz,Hobart,s4001139@student.uq.edu.au,P13,,0,Male,English
40011400,Schumm,Jarrell,s4001140@student.uq.edu.au,P13,,1,Male,English
40011410,Rippin,Dorthy,s4001141@student.uq.edu.au,P13,,1,Male,English
40011420,Howell,Elenor,s4001142@student.uq.edu.au,P13,,0,Male,English
40011430,Nitzsche,Esta,s4001143@student.uq.edu.au,P13,,0,Male,English
40011440,Sauer,Brian,s4001144@student.uq.edu.au,P13,,0,Male,English
40011450,Bergnaum,Jacinthe,s4001145@student.uq.edu.au,P13,,1,Male,English
40011460,Stiedemann,Leonel,s4001146@student.uq.edu.au,P13,,1,Male,English
40011470,Renner,Joannie,s4001147@student.uq.edu.au,P13,,0,Male,Other
40011480,Armstrong,Lyda,s4001148@student.uq.edu.au,P13,,1,Male,English
40011490,Gibson,Kamryn,s4001149@student.uq.edu.au,P13,,1,Male,English
40011500,Ebert,Zoila,s4001150@student.uq.edu.au,P13,,0,Male,English
40011510,Glover,Ward,s4001151@student.uq.edu.au,P13,,0,Male,English
40011520,Skiles,Claud,s4001152@student.uq.edu.au,P13,,0,Female,English
40011530,Bailey,Tess,s4001153@student.uq.edu.au,P13,,0,Male,English
40011540,Kris,Dayana,s4001154@student.uq.edu.au,P13,,1,Male,English
40011550,Olson,Quentin,s4001155@student.uq.edu.au,P13,,0,Male,English
40011560,Lowe,Javonte,s4001156@student.uq.edu.au,P13,,0,Female,English
40011570,Lesch,Patrick,s4001157@student.uq.edu.au,P13,,1,Male,English
40011580,Wunsch,Rogelio,s4001158@student.uq.edu.au,P13,,1,Male,English
40011590,Grant,Thomas,s4001159@student.uq.edu.au,P13,,1,Female,English
40011600,Koepp,Garnet,s4001160@student.uq.edu.au,P13,,0,Male,English
40011610,Windler,Turner,s4001161@student.uq.edu.au,P13,,1,Male,English
40011620,Wilkinson,Josefina,s4001162@student.uq.edu.au,P13,,0,Male,English
40011630,Dietrich,Issac,s4001163@student.uq.edu.au,P13,,1,Male,English
40011640,Kohler,Priscilla,s4001164@student.uq.edu.au,P13,,1,Male,English
40011650,Grimes,Aditya,s4001165@student.uq.edu.au,P13,,0,Male,English
40011660,Feest,Mandy,s4001166@student.uq.edu.au,P13,,0,Male,English
40011670,Swaniawski,Nigel,s4001167@student.uq.edu.au,P13,,0,Male,English
40011680,Moore,Ansel,s4001168@student.uq.edu.au,P13,,0,Male,English
40011690,Kunde,Drake,s4001169@student.uq.edu.au,P13,,0,Male,English
40011700,Schoen,Kristin,s4001170@student.uq.edu.au,P13,,1,Male,English
40011710,Bogan,Chandler,s4001171@student.uq.edu.au,P13,,1,Male,English
40011720,Moore,Bettye,s4001172@student.uq.edu.au,P13,,0,Male,English
40011730,Gibson,Piper,s4001173@student.uq.edu.au,P13,,0,Male,English
40011740,Buckridge,Jamarcus,s4001174@student.uq.edu.au,P13,,0,Male,Other
40011750,Blanda,Jennings,s4001175@student.uq.edu.au,P13,,0,Male,English
40011760,Purdy,Makenzie,s4001176@student.uq.edu.au,P13,,1,Female,English
40011770,Beier,Willa,s4001177@student.uq.edu.au,P13,,0,Male,English
40011780,Lubowitz,Sonya,s4001178@student.uq.edu.au,P13,,0,Male,English
40011790,Schaden,Destany,s4001179@student.uq.edu.au,P13,,0,Male,English
40011800,Grady,Myrtie,s4001180@student.uq.edu.au,P13,,0,Male,English
40011810,Lowe,Keyshawn,s4001181@student.uq.edu.au,P13,,1,Male,English
40011820,Daugherty,Felix,s4001182@student.uq.edu.au,P13,,1,Male,English
40011830,Kling,Susana,s4001183@student.uq.edu.au,P13,,1,Male,Other
40011840,Mayert,Alejandra,s4001184@student.uq.edu.au,P13,,1,Male,English
40011850,Schroeder,Issac,s4001185@student.uq.edu.au,P13,,0,Male,English
40011860,Schamberger,Reva,s4001186@student.uq.edu.au,P13,,0,Male,English
40011870,Schultz,Jailyn,s4001187@student.uq.edu.au,P13,,0,Male,Other
40011880,Ziemann,Ervin,s4001188@student.uq.edu.au,P13,,0,Male,English
40011890,O'Conner,Lawson,s4001189@student.uq.edu.au,P13,,0,Male,English
40011900,Flatley,Danielle,s4001190@student.uq.edu.au,P13,,0,Male,English
40011910,Gusikowski,Shanelle,s4001191@student.uq.edu.au,P13,,0,Male,English